"","Fam","binom","n_MF3","n_MF2","n_MF1","n_MF6","n_MF4","n_MF5","biomass_total_MF3","biomass_total_MF2","biomass_total_MF1","biomass_total_MF6","biomass_total_MF4","biomass_total_MF5"
"114","Anacardiaceae","Astronium_graveolens",NA,7,NA,NA,NA,NA,NA,0.612890677435506,NA,NA,NA,NA
"150","Anacardiaceae","Lithraea_molleoides",NA,3,NA,NA,NA,NA,NA,1.44692205023515,NA,NA,NA,NA
"225","Anacardiaceae","Schinus_terebenthifolius",NA,NA,8,NA,NA,NA,NA,NA,1.12159757204575,NA,NA,NA
"139","Anacardiaceae","Tapirira_guianensis",NA,5,NA,NA,NA,NA,NA,0.30782181005286,NA,NA,NA,NA
"295","Annonaceae","Annona_emarginata",NA,NA,NA,NA,3,NA,NA,NA,NA,NA,0.0641217159245419,NA
"320","Annonaceae","Annona_mucosa",NA,NA,NA,NA,NA,8,NA,NA,NA,NA,NA,0.229486186302533
"8","Annonaceae","Annona_rugulosa",78,NA,NA,25,NA,NA,3.10466224495563,NA,NA,0.511097926932193,NA,NA
"333","Annonaceae","Annona_sylvatica",NA,NA,NA,NA,NA,1,NA,NA,NA,NA,NA,0.0306852119390505
"76","Annonaceae","Duguetia_lanceolata",NA,28,NA,NA,NA,1,NA,7.29470164386756,NA,NA,NA,0.113439013587836
"101","Annonaceae","Guatteria_australis",NA,12,NA,NA,6,5,NA,0.796947952966973,NA,NA,0.634416369941428,0.204684011855569
"237","Annonaceae","Guatteria_hilariana",NA,NA,4,NA,NA,NA,NA,NA,0.0357876533599909,NA,NA,NA
"210","Annonaceae","Guatteria_nigrescens",NA,NA,24,NA,NA,NA,NA,NA,0.344461177764964,NA,NA,NA
"189","Annonaceae","Porcelia_macrocarpa",NA,1,NA,NA,NA,NA,NA,0.76123770316945,NA,NA,NA,NA
"224","Annonaceae","Rollinia_silvatica",NA,NA,8,NA,NA,NA,NA,NA,0.499607890432746,NA,NA,NA
"199","Annonaceae","Xylopia_brasiliensis",NA,1,NA,NA,NA,NA,NA,0.047375778468072,NA,NA,NA,NA
"275","Annonaceae","Xylopia_langsdorffiana",NA,NA,1,NA,NA,NA,NA,NA,0.0225596776549355,NA,NA,NA
"330","Apocynaceae","Aspidosperma_olivaceum",NA,NA,NA,NA,NA,2,NA,NA,NA,NA,NA,0.0902641734179399
"87","Apocynaceae","Aspidosperma_polyneurum",NA,19,NA,NA,NA,NA,NA,6.18112634884406,NA,NA,NA,NA
"113","Apocynaceae","Aspidosperma_quirandy",NA,7,25,NA,NA,NA,NA,4.2801214739137,1.79642738833403,NA,NA,NA
"197","Apocynaceae","Tabernaemontana_laeta",NA,1,NA,NA,NA,NA,NA,0.0424878454730599,NA,NA,NA,NA
"56","Aquifoliaceae","Ilex_(=2015_2190)",1,NA,NA,NA,NA,NA,0.0359805068706505,NA,NA,NA,NA,NA
"57","Aquifoliaceae","Ilex_(=2015_2273)",1,NA,NA,NA,NA,NA,0.00685542908414085,NA,NA,NA,NA,NA
"261","Aquifoliaceae","Ilex_amara",NA,NA,1,NA,NA,NA,NA,NA,0.15089605755129,NA,NA,NA
"279","Aquifoliaceae","Ilex_chamaedryfolia",NA,NA,NA,16,NA,NA,NA,NA,NA,0.436895328979672,NA,NA
"299","Aquifoliaceae","Ilex_dumosa",NA,NA,NA,NA,2,2,NA,NA,NA,NA,0.0268450502245157,0.0205987188008349
"16","Aquifoliaceae","Ilex_microdonta",29,NA,NA,NA,15,NA,2.00579116636382,NA,NA,NA,1.42184795948972,NA
"134","Aquifoliaceae","Ilex_paraguariensis",NA,5,NA,NA,6,40,NA,0.14753248704671,NA,NA,0.078005380701244,1.75239796192857
"22","Aquifoliaceae","Ilex_pseudobuxus",10,NA,NA,NA,NA,NA,0.584644248812134,NA,NA,NA,NA,NA
"21","Aquifoliaceae","Ilex_taubertiana",11,NA,3,NA,8,77,0.813465796700896,NA,1.49549987790773,NA,0.324988855351632,3.80345753696609
"28","Aquifoliaceae","Ilex_theezans",6,NA,7,NA,3,12,0.264567870143294,NA,0.107869852785925,NA,0.0285906411900528,0.464021523128253
"81","Araliaceae","Dendropanax_cuneatus",NA,22,NA,NA,NA,NA,NA,2.07252527235265,NA,NA,NA,NA
"192","Araliaceae","Schefflera_angustissima",NA,1,NA,NA,NA,NA,NA,0.0875955097817653,NA,NA,NA,NA
"138","Araliaceae","Schefflera_calva",NA,5,NA,NA,NA,41,NA,0.333042638305748,NA,NA,NA,4.45952100900343
"7","Araucariaceae","Araucaria_angustifolia",82,9,109,96,57,37,71.6982560665353,12.7650813434517,28.5410798670084,46.0330925126563,52.0595035114106,22.2467024081011
"68","Arecaceae","Euterpe_edulis",NA,88,NA,NA,NA,NA,NA,1.39103620496039,NA,NA,NA,NA
"70","Arecaceae","Syagrus_romanzoffiana",NA,54,3,NA,NA,NA,NA,7.55548415570941,0.368851131019635,NA,NA,NA
"316","Asteraceae","Baccharis_oblongifolia",NA,NA,NA,NA,NA,22,NA,NA,NA,NA,NA,0.265221856771354
"53","Asteraceae","Baccharis_oreophila",1,NA,NA,7,NA,NA,0.160898556009866,NA,NA,0.221745554711037,NA,NA
"301","Asteraceae","Chromolaena_pedunculosa",NA,NA,NA,NA,1,NA,NA,NA,NA,NA,0.0145261110393408,NA
"317","Asteraceae","Critoniopsis_stellata",NA,NA,NA,NA,NA,20,NA,NA,NA,NA,NA,0.251464691495247
"24","Asteraceae","Dasyphyllum_spinescens",9,1,3,NA,NA,NA,8.09071656663757,0.00618202629310825,2.07665337025603,NA,NA,NA
"322","Asteraceae","Gochnatia_polymorpha",NA,NA,NA,NA,NA,7,NA,NA,NA,NA,NA,1.42205923807793
"284","Asteraceae","Moquiniastrum_polymorphum",NA,NA,NA,8,NA,NA,NA,NA,NA,1.58650484538075,NA,NA
"17","Asteraceae","Piptocarpha_regnellii",23,NA,1,39,20,35,3.01689565201362,NA,0.305079595696621,4.39037605245627,10.4711301951731,4.19900756124263
"306","Asteraceae","Vernonanthura_discolor",NA,NA,NA,NA,1,NA,NA,NA,NA,NA,0.141881270710991,NA
"315","Asteraceae","Vernonanthura_divaricata",NA,NA,NA,NA,NA,23,NA,NA,NA,NA,NA,0.525591278218119
"42","Asteraceae","Vernonia_discolor",3,NA,NA,NA,NA,NA,0.170795668855427,NA,NA,NA,NA,NA
"236","Asteraceae","Vernonia_sp.",NA,NA,5,NA,NA,NA,NA,NA,0.181241292778313,NA,NA,NA
"340","Bignoniaceae","Handroanthus_ochraceus",NA,NA,NA,NA,NA,1,NA,NA,NA,NA,NA,0.0367347056652609
"287","Bignoniaceae","Jacaranda_cuspidifolia",NA,NA,NA,5,NA,NA,NA,NA,NA,0.232790175552865,NA,NA
"89","Bignoniaceae","Jacaranda_micrantha",NA,19,NA,NA,NA,NA,NA,6.43410869433418,NA,NA,NA,NA
"14","Bignoniaceae","Jacaranda_puberula",37,NA,81,NA,NA,1,2.58120656936613,NA,3.65356149427952,NA,NA,0.119649106418003
"304","Bignoniaceae","Jacaranda_sp",NA,NA,NA,NA,1,NA,NA,NA,NA,NA,0.0167557065843359,NA
"276","Bignoniaceae","Zeyheria_tuberculosa",NA,NA,1,NA,NA,NA,NA,NA,0.0169852715670033,NA,NA,NA
"239","Boraginaceae","Cordia_sp.",NA,NA,3,NA,NA,NA,NA,NA,1.24782613740942,NA,NA,NA
"118","Boraginaceae","Patagonula_americana",NA,7,NA,NA,NA,NA,NA,5.93980665785065,NA,NA,NA,NA
"255","Canellaceae","Capsicodendron_dinisii",NA,NA,1,NA,NA,NA,NA,NA,0.682404271471428,NA,NA,NA
"96","Cannabaceae","Trema_micrantha",NA,16,NA,NA,NA,NA,NA,0.197140253992051,NA,NA,NA,NA
"55","Cardiopteridaceae","Citronella_paniculata",1,6,NA,NA,2,NA,0.0152225797687027,0.47790688722791,NA,NA,0.0260008277733239,NA
"99","Caricaceae","Jacaratia_heptaphylla",NA,13,NA,NA,NA,NA,NA,3.16678919795663,NA,NA,NA,NA
"135","Celastraceae","Maytenus_aquifolia",NA,5,3,NA,NA,NA,NA,0.492787698547187,0.0611048070566377,NA,NA,NA
"141","Celastraceae","Maytenus_evonymoides",NA,4,5,NA,NA,2,NA,0.0478569264374778,0.241069666805378,NA,NA,0.0928770693747857
"47","Celastraceae","Maytenus_salicifolia",2,NA,NA,NA,NA,NA,0.02914678413181,NA,NA,NA,NA,NA
"223","Celastraceae","Maytenus_sp.1",NA,NA,8,NA,NA,NA,NA,NA,0.374638028437002,NA,NA,NA
"240","Chrysobalanaceae","Licania_kunthiana",NA,NA,3,NA,NA,NA,NA,NA,2.39008583308916,NA,NA,NA
"23","Clethraceae","Clethra_scabra",9,1,NA,3,96,8,0.443855435083399,0.123671043558866,NA,0.0419592231932265,17.4393343610061,0.297415034879665
"198","Combretaceae","Terminalia_triflora",NA,1,NA,NA,NA,NA,NA,0.0342290542687836,NA,NA,NA,NA
"296","Cunoniaceae","Weinmannia_paulliniifolia",NA,NA,NA,NA,3,NA,NA,NA,NA,NA,1.17934240134066,NA
"121","Elaeocarpaceae","Sloanea_lasiocoma",NA,7,NA,NA,1,NA,NA,0.789960559967956,NA,NA,0.0072968294411116,NA
"281","Ericaceae","Agarista_oleifolia",NA,NA,NA,13,NA,NA,NA,NA,NA,0.404562192173923,NA,NA
"158","Erythroxylaceae","Erythroxyllum_sp",NA,2,NA,NA,NA,NA,NA,0.0137918424419775,NA,NA,NA,NA
"247","Erythroxylaceae","Erythroxylum_cuneifolium",NA,NA,2,NA,NA,NA,NA,NA,0.0949164536655474,NA,NA,NA
"80","Euphorbiaceae","Actinostemon_concepcionis",NA,25,NA,NA,NA,NA,NA,0.56346469490928,NA,NA,NA,NA
"170","Euphorbiaceae","Alchornea_glandulosa",NA,1,NA,NA,NA,2,NA,0.00937693754726598,NA,NA,NA,0.0426561282125337
"129","Euphorbiaceae","Alchornea_triplinervia",NA,5,NA,NA,NA,3,NA,0.576097137701742,NA,NA,NA,0.037529667869019
"98","Euphorbiaceae","Croton_floribundus",NA,13,NA,NA,NA,NA,NA,2.16441137644405,NA,NA,NA,NA
"303","Euphorbiaceae","Croton_macrobothrys",NA,NA,NA,NA,1,NA,NA,NA,NA,NA,0.0356115091067593,NA
"265","Euphorbiaceae","Micrandra_sp.",NA,NA,1,NA,NA,NA,NA,NA,0.54020291929188,NA,NA,NA
"212","Euphorbiaceae","Sapium_glandulosum",NA,NA,17,NA,NA,18,NA,NA,2.09155014055718,NA,NA,1.30200316347479
"312","Euphorbiaceae","Sebastiania_brasiliensis",NA,NA,NA,NA,NA,24,NA,NA,NA,NA,NA,2.23207485994873
"86","Euphorbiaceae","Sebastiania_klotzschiana",NA,20,2,NA,NA,NA,NA,1.8557770939306,0.0227443586859952,NA,NA,NA
"122","Euphorbiaceae","Tetrorchidium_rubrivenium",NA,7,NA,NA,NA,NA,NA,0.131935011286243,NA,NA,NA,NA
"169","Fabaceae","Acacia_polyphylla",NA,1,NA,NA,NA,NA,NA,0.0118505390530784,NA,NA,NA,NA
"172","Fabaceae","Cassia_leptophylla",NA,1,NA,NA,NA,NA,NA,0.993287868956787,NA,NA,NA,NA
"147","Fabaceae","Copaifera_langsdorffii",NA,3,NA,NA,NA,NA,NA,0.764127707104646,NA,NA,NA,NA
"84","Fabaceae","Copaifera_trapezifolia",NA,21,NA,NA,NA,NA,NA,1.00171661281126,NA,NA,NA,NA
"309","Fabaceae","Dalbergia_brasiliensis",NA,NA,NA,NA,NA,28,NA,NA,NA,NA,NA,3.28837441775188
"327","Fabaceae","Dalbergia_myriantha",NA,NA,NA,NA,NA,3,NA,NA,NA,NA,NA,0.0714974855739047
"88","Fabaceae","Exostyles_godoyensis",NA,19,2,NA,NA,NA,NA,1.72968680075564,0.0794321901943474,NA,NA,NA
"160","Fabaceae","Holocalyx_glaziovii",NA,2,NA,NA,NA,NA,NA,0.0799694644987182,NA,NA,NA,NA
"341","Fabaceae","Inga_edwalii",NA,NA,NA,NA,NA,1,NA,NA,NA,NA,NA,0.00580440198107479
"104","Fabaceae","Inga_marginata",NA,10,NA,NA,NA,NA,NA,0.281837323977964,NA,NA,NA,NA
"161","Fabaceae","Inga_sessilis",NA,2,NA,NA,NA,NA,NA,0.0230895057796954,NA,NA,NA,NA
"90","Fabaceae","Inga_striata",NA,18,NA,NA,NA,NA,NA,1.71720584193297,NA,NA,NA,NA
"342","Fabaceae","Leucochloron_incuriale",NA,NA,NA,NA,NA,1,NA,NA,NA,NA,NA,0.00879571084186502
"91","Fabaceae","Machaerium_nyctitans",NA,18,NA,NA,NA,NA,NA,10.2905657195034,NA,NA,NA,NA
"79","Fabaceae","Machaerium_paraguariense",NA,26,NA,NA,NA,NA,NA,4.41365334453001,NA,NA,NA,NA
"100","Fabaceae","Machaerium_scleroxylon",NA,13,NA,NA,NA,NA,NA,9.83677558935889,NA,NA,NA,NA
"93","Fabaceae","Machaerium_stipitatum",NA,17,NA,NA,NA,NA,NA,5.22084063538077,NA,NA,NA,NA
"332","Fabaceae","Machaerium_villosum",NA,NA,NA,NA,NA,2,NA,NA,NA,NA,NA,0.153514741301534
"48","Fabaceae","Mimosa_scabrela",2,NA,NA,NA,NA,NA,2.37690549387209,NA,NA,NA,NA,NA
"283","Fabaceae","Mimosa_scabrella",NA,NA,NA,8,NA,NA,NA,NA,NA,0.383292640541078,NA,NA
"345","Fabaceae","Ormosia_sp.",NA,NA,NA,NA,NA,1,NA,NA,NA,NA,NA,0.0350028713297361
"75","Fabaceae","Parapiptadenia_rigida",NA,29,NA,NA,NA,NA,NA,30.0401307422488,NA,NA,NA,NA
"127","Fabaceae","Piptadenia_gonoacantha",NA,6,NA,NA,NA,NA,NA,3.33809782375413,NA,NA,NA,NA
"349","Fabaceae","Senna_macranthera",NA,NA,NA,NA,NA,1,NA,NA,NA,NA,NA,0.00699718563810674
"230","Fabaceae-Caesalpimoideae","Cassia_leptophylla",NA,NA,6,NA,NA,NA,NA,NA,1.47246178039259,NA,NA,NA
"245","Fabaceae-Caesalpimoideae","Copaifera_langsdorffii",NA,NA,2,NA,NA,NA,NA,NA,0.513690819313113,NA,NA,NA
"252","Fabaceae-Caesalpimoideae","Senna_multijuga",NA,NA,2,NA,NA,NA,NA,NA,0.058114254943691,NA,NA,NA
"233","Fabaceae-Faboideae","Dalbergia_brasiliensis",NA,NA,5,NA,NA,NA,NA,NA,2.68608642700852,NA,NA,NA
"226","Fabaceae-Faboideae","Erythrina_falcata",NA,NA,7,NA,NA,NA,NA,NA,0.634025377324395,NA,NA,NA
"234","Fabaceae-Faboideae","Lonchocarpus_campestris",NA,NA,5,NA,NA,NA,NA,NA,0.983388332663495,NA,NA,NA
"235","Fabaceae-Faboideae","Lonchocarpus_cultratus",NA,NA,5,NA,NA,NA,NA,NA,0.0987218966788474,NA,NA,NA
"218","Fabaceae-Faboideae","Machaerium_hatschbachii",NA,NA,12,NA,NA,NA,NA,NA,1.39247743783024,NA,NA,NA
"262","Fabaceae-Faboideae","Machaerium_minutiflorum",NA,NA,1,NA,NA,NA,NA,NA,0.32384669210971,NA,NA,NA
"231","Fabaceae-Faboideae","Machaerium_nyctitans",NA,NA,6,NA,NA,NA,NA,NA,0.32558123044868,NA,NA,NA
"249","Fabaceae-Faboideae","Machaerium_scleroxylon",NA,NA,2,NA,NA,NA,NA,NA,0.0583727765853441,NA,NA,NA
"232","Fabaceae-Faboideae","Machaerium_sp.",NA,NA,6,NA,NA,NA,NA,NA,0.888278710100355,NA,NA,NA
"205","Fabaceae-Faboideae","Machaerium_stipitatum",NA,NA,68,NA,NA,NA,NA,NA,7.04668390884122,NA,NA,NA
"207","Fabaceae-Faboideae","Machaerium_vestitum",NA,NA,37,NA,NA,NA,NA,NA,2.05490917190655,NA,NA,NA
"242","Fabaceae-Faboideae","Poecilanthe_parviflora",NA,NA,3,NA,NA,NA,NA,NA,3.67214949280817,NA,NA,NA
"201","Fabaceae-Faboideae","Swartzia_acutifolia",NA,NA,118,NA,NA,NA,NA,NA,8.49910424223849,NA,NA,NA
"229","Fabaceae-Mimosoideae","Anadenanthera_sp.",NA,NA,6,NA,NA,NA,NA,NA,0.551635484760907,NA,NA,NA
"246","Fabaceae-Mimosoideae","Enterolobium_sp.",NA,NA,2,NA,NA,NA,NA,NA,0.192782922551478,NA,NA,NA
"228","Fabaceae-Mimosoideae","Piptadenia_gonoacantha",NA,NA,7,NA,NA,NA,NA,NA,2.37336619372695,NA,NA,NA
"269","Fabaceae-Mimosoideae","Pithecellobium_langsdorffii",NA,NA,1,NA,NA,NA,NA,NA,0.0287746475976691,NA,NA,NA
"52","Lamiaceae","Aegiphila_integrifolia",1,NA,NA,NA,NA,NA,0.145890352320127,NA,NA,NA,NA,NA
"219","Lamiaceae","Vitex_polygama",NA,NA,10,NA,NA,NA,NA,NA,0.467580135893809,NA,NA,NA
"302","Lauraceae","Cinnamomum_glaziovii",NA,NA,NA,NA,1,NA,NA,NA,NA,NA,0.00744219044780967,NA
"5","Lauraceae","Cinnamomum_sellowianum",95,NA,NA,NA,7,NA,14.2221132771577,NA,NA,NA,0.27502623769117,NA
"257","Lauraceae","Cinnamomum_sp.1",NA,NA,1,NA,NA,NA,NA,NA,0.00440585784139735,NA,NA,NA
"298","Lauraceae","Cinnamomum_triplinerve",NA,NA,NA,NA,2,NA,NA,NA,NA,NA,0.0411468374919223,NA
"157","Lauraceae","Endlicheria_paniculata",NA,2,2,NA,NA,1,NA,0.0146414239869181,0.0304704152053706,NA,NA,0.0176265962984414
"250","Lauraceae","Nectandra_angustifolia",NA,NA,2,NA,NA,NA,NA,NA,0.0741488025811319,NA,NA,NA
"136","Lauraceae","Nectandra_lanceolata",NA,5,NA,NA,NA,NA,NA,3.75937104479252,NA,NA,NA,NA
"111","Lauraceae","Nectandra_megapotamica",NA,8,NA,NA,NA,NA,NA,0.965805453197748,NA,NA,NA,NA
"313","Lauraceae","Nectandra_nitidula",NA,NA,NA,NA,NA,23,NA,NA,NA,NA,NA,2.09173025783101
"186","Lauraceae","Nectandra_oppositifolia",NA,1,NA,NA,NA,1,NA,0.12870623084735,NA,NA,NA,0.00914696314349386
"25","Lauraceae","Ocotea_bicolor",9,6,1,NA,3,23,0.355756980588153,0.972052440557724,0.125021736022153,NA,0.0358297417796667,2.87532664839736
"211","Lauraceae","Ocotea_brachybotra",NA,NA,18,NA,NA,NA,NA,NA,0.295555739125759,NA,NA,NA
"106","Lauraceae","Ocotea_corymbosa",NA,9,NA,NA,NA,21,NA,1.19574680612739,NA,NA,NA,1.78844020558034
"107","Lauraceae","Ocotea_diospyrifolia",NA,9,NA,NA,NA,14,NA,5.334273997805,NA,NA,NA,1.80133864845712
"31","Lauraceae","Ocotea_dispersa",6,NA,NA,NA,NA,11,0.217116512367954,NA,NA,NA,NA,0.318471986652113
"164","Lauraceae","Ocotea_elegans",NA,2,118,NA,NA,NA,NA,0.679870246883665,18.7146730577652,NA,NA,NA
"49","Lauraceae","Ocotea_glaziovii",2,NA,NA,NA,8,6,0.0422608234044503,NA,NA,NA,0.0592700724497372,0.40051695169843
"59","Lauraceae","Ocotea_indecora",1,22,NA,NA,NA,NA,0.00685894667586081,3.04737853525816,NA,NA,NA,NA
"204","Lauraceae","Ocotea_nutans",NA,NA,69,NA,NA,NA,NA,NA,10.9928034817233,NA,NA,NA
"241","Lauraceae","Ocotea_odorifera",NA,NA,3,NA,NA,1,NA,NA,0.0302628865003061,NA,NA,0.00567719932563718
"165","Lauraceae","Ocotea_prolifera",NA,2,NA,NA,NA,NA,NA,0.0812205011250133,NA,NA,NA,NA
"32","Lauraceae","Ocotea_puberula",6,NA,42,NA,1,NA,0.439924649086973,NA,18.1361921750163,NA,0.00437295090242248,NA
"9","Lauraceae","Ocotea_pulchella",72,1,NA,70,18,79,5.62063391097087,0.256724861416708,NA,2.33212904529856,0.551626769157595,5.61142293790381
"126","Lauraceae","Ocotea_silvestris",NA,6,NA,NA,NA,4,NA,0.607415789915679,NA,NA,NA,0.190403629195675
"220","Lauraceae","Ocotea_sp.",NA,NA,9,NA,NA,NA,NA,NA,0.998113630854928,NA,NA,NA
"187","Lauraceae","Ocotea_teleiandra",NA,1,NA,NA,NA,NA,NA,0.890915604304362,NA,NA,NA,NA
"60","Lauraceae","Persea_alba",1,NA,NA,NA,NA,NA,0.555810718916499,NA,NA,NA,NA,NA
"300","Lauraceae","Persea_microneura",NA,NA,NA,NA,2,NA,NA,NA,NA,NA,0.0214040872413154,NA
"251","Lauraceae","Persea_sp.",NA,NA,2,NA,NA,NA,NA,NA,0.477558990814821,NA,NA,NA
"41","Lauraceae","Persea_willdenovii",3,1,NA,NA,NA,5,0.45522834615279,2.41769307576077,NA,NA,NA,2.46891699349468
"177","Laxmaniaceae","Cordyline_terminalis",NA,1,NA,NA,NA,NA,NA,0.0345940879301133,NA,NA,NA,NA
"243","Loganiaceae","Strichnos_brasiliensis",NA,NA,3,NA,NA,NA,NA,NA,0.035897391231815,NA,NA,NA
"307","Lythraceae","Lafoensia_pacari",NA,NA,NA,NA,NA,119,NA,NA,NA,NA,NA,8.31938529758903
"238","Malpighiaceae","Bunchosia_pallescens",NA,NA,3,NA,NA,NA,NA,NA,0.351640589241328,NA,NA,NA
"174","Malvaceae","Ceiba_speciosa",NA,1,NA,NA,NA,NA,NA,0.42179061376349,NA,NA,NA,NA
"180","Malvaceae","Guazuma_ulmifolia",NA,1,203,NA,NA,NA,NA,0.0348286833785889,3.36477914449187,NA,NA,NA
"72","Malvaceae","Luehea_divaricata",NA,37,46,NA,NA,NA,NA,15.009292540212,7.8598832161002,NA,NA,NA
"191","Malvaceae","Pseudobombax_grandiflorum",NA,1,NA,NA,NA,NA,NA,0.00487841614930155,NA,NA,NA,NA
"285","Melastomataceae","Miconia_budlejoides",NA,NA,NA,7,NA,NA,NA,NA,NA,0.0674084720284818,NA,NA
"29","Melastomataceae","Miconia_cinerascens",6,NA,NA,NA,40,NA,0.0651236372981801,NA,NA,NA,0.704482342496398,NA
"181","Melastomataceae","Miconia_doriana",NA,1,NA,NA,NA,NA,NA,0.032413332126687,NA,NA,NA,NA
"182","Melastomataceae","Miconia_hymenonervia",NA,1,NA,NA,NA,NA,NA,0.00718132378266366,NA,NA,NA,NA
"311","Melastomataceae","Miconia_ligustroides",NA,NA,NA,NA,NA,27,NA,NA,NA,NA,NA,1.25758785670729
"151","Melastomataceae","Miconia_petropolitana",NA,3,NA,NA,NA,NA,NA,0.0247364968528726,NA,NA,NA,NA
"324","Melastomataceae","Miconia_pusiliflora",NA,NA,NA,NA,NA,5,NA,NA,NA,NA,NA,0.0950427350136936
"325","Melastomataceae","Miconia_shepherdii",NA,NA,NA,NA,NA,5,NA,NA,NA,NA,NA,0.114412945589665
"264","Melastomataceae","Miconia_sp.",NA,NA,1,NA,NA,NA,NA,NA,0.00695581621916653,NA,NA,NA
"183","Melastomataceae","Miconia_tristis",NA,1,NA,NA,NA,NA,NA,0.00700598033258171,NA,NA,NA,NA
"92","Meliaceae","Cabralea_canjerana",NA,17,6,NA,NA,2,NA,0.653413579459494,0.0447413726805298,NA,NA,0.0926764662347957
"130","Meliaceae","Cedrela_fissilis",NA,5,20,NA,2,2,NA,2.79774124720819,12.3304435453757,NA,0.015612356068082,0.103489532930138
"179","Meliaceae","Guarea_macrophylla",NA,1,NA,NA,NA,NA,NA,0.0149918406131034,NA,NA,NA,NA
"71","Meliaceae","Trichilia_catigua",NA,50,NA,NA,NA,NA,NA,1.60176644229604,NA,NA,NA,NA
"83","Meliaceae","Trichilia_claussenii",NA,22,NA,NA,NA,NA,NA,1.00921345678069,NA,NA,NA,NA
"123","Meliaceae","Trichilia_elegans",NA,7,3,NA,NA,NA,NA,0.135262100778935,0.0336956788031053,NA,NA,NA
"168","Meliaceae","Trichilia_pallida",NA,2,NA,NA,NA,NA,NA,0.0221491529510822,NA,NA,NA,NA
"163","Monimiaceae","Mollinedia_argyrogyna",NA,2,NA,NA,NA,2,NA,0.0741977053365502,NA,NA,NA,0.024178482075829
"82","Monimiaceae","Mollinedia_elegans",NA,22,NA,NA,NA,NA,NA,0.375489547418798,NA,NA,NA,NA
"184","Monimiaceae","Mollinedia_schottiana",NA,1,NA,NA,NA,NA,NA,0.00852651656215032,NA,NA,NA,NA
"159","Moraceae","Ficus_luschnathiana",NA,2,NA,NA,NA,NA,NA,0.187426148621536,NA,NA,NA,NA
"260","Moraceae","Ficus_sp.",NA,NA,1,NA,NA,NA,NA,NA,0.047378563165924,NA,NA,NA
"67","Moraceae","Sorocea_bonplandii",NA,187,1,NA,NA,14,NA,9.17438508354996,0.0223282642469083,NA,NA,0.342615632405757
"321","Myrtaceae","Blepharocalyx_salicifolius",NA,NA,NA,NA,NA,7,NA,NA,NA,NA,NA,0.359038413989788
"44","Myrtaceae","Calyptranthes_(=1475 coletado)",2,NA,NA,NA,NA,NA,0.0382809103367552,NA,NA,NA,NA,NA
"145","Myrtaceae","Calyptranthes_grandifolia",NA,3,NA,NA,NA,NA,NA,0.0381217518336765,NA,NA,NA,NA
"27","Myrtaceae","Calyptranthes_lucida",6,NA,NA,NA,NA,NA,1.21177129347004,NA,NA,NA,NA,NA
"334","Myrtaceae","Calyptranthes_sp.",NA,NA,NA,NA,NA,1,NA,NA,NA,NA,NA,0.0141111313429689
"297","Myrtaceae","Calyptranthes_widgreniana",NA,NA,NA,NA,2,22,NA,NA,NA,NA,0.116420792482428,0.635886822867908
"331","Myrtaceae","Campomanesia_eugenioides",NA,NA,NA,NA,NA,2,NA,NA,NA,NA,NA,0.0736303468768398
"97","Myrtaceae","Campomanesia_guazumifolia",NA,15,NA,NA,NA,14,NA,1.30448611218073,NA,NA,NA,0.420410776470927
"254","Myrtaceae","Campomanesia_sp.",NA,NA,1,NA,NA,NA,NA,NA,0.0252797841848875,NA,NA,NA
"222","Myrtaceae","Campomanesia_sp.2",NA,NA,8,NA,NA,NA,NA,NA,0.369284435079859,NA,NA,NA
"140","Myrtaceae","Campomanesia_xanthocarpa",NA,4,49,NA,NA,NA,NA,0.47777724378092,4.37837779016939,NA,NA,NA
"336","Myrtaceae","Eugenia_(laranja)",NA,NA,NA,NA,NA,1,NA,NA,NA,NA,NA,0.493705373618068
"337","Myrtaceae","Eugenia_(miuda, branca)",NA,NA,NA,NA,NA,1,NA,NA,NA,NA,NA,0.0163576312767241
"206","Myrtaceae","Eugenia_cerasiflora",NA,NA,37,NA,NA,NA,NA,NA,2.79726432849095,NA,NA,NA
"132","Myrtaceae","Eugenia_dodonaeifolia",NA,5,NA,NA,NA,NA,NA,0.16440602621505,NA,NA,NA,NA
"209","Myrtaceae","Eugenia_involucrata",NA,NA,26,NA,NA,NA,NA,NA,1.11515781682616,NA,NA,NA
"46","Myrtaceae","Eugenia_ligustrina",2,102,9,NA,NA,16,0.180940856949737,4.31736633340522,0.338312943356176,NA,NA,0.897960883093753
"338","Myrtaceae","Eugenia_neoformosa",NA,NA,NA,NA,NA,1,NA,NA,NA,NA,NA,0.0403742847268764
"203","Myrtaceae","Eugenia_neoverrucosa",NA,NA,85,NA,NA,NA,NA,NA,2.77019323473785,NA,NA,NA
"308","Myrtaceae","Eugenia_pluriflora",NA,NA,NA,NA,NA,106,NA,NA,NA,NA,NA,3.06164926448148
"148","Myrtaceae","Eugenia_ramboi",NA,3,NA,NA,NA,76,NA,0.750804640944014,NA,NA,NA,4.98399999694585
"339","Myrtaceae","Eugenia_sp.",NA,NA,NA,NA,NA,1,NA,NA,NA,NA,NA,0.0481335914121239
"227","Myrtaceae","Eugenia_sp.2",NA,NA,7,NA,NA,NA,NA,NA,0.226749869696875,NA,NA,NA
"328","Myrtaceae","Eugenia_sp.7",NA,NA,NA,NA,NA,3,NA,NA,NA,NA,NA,0.152551600716341
"259","Myrtaceae","Eugenia_speciosa",NA,NA,1,NA,NA,NA,NA,NA,0.0115536783101735,NA,NA,NA
"78","Myrtaceae","Eugenia_stenophylla",NA,26,NA,NA,NA,NA,NA,2.69038965647776,NA,NA,NA,NA
"248","Myrtaceae","Eugenia_stictosepala",NA,NA,2,NA,NA,NA,NA,NA,0.0217621487646208,NA,NA,NA
"133","Myrtaceae","Eugenia_uniflora",NA,5,NA,NA,NA,NA,NA,0.099455116821922,NA,NA,NA,NA
"58","Myrtaceae","Myciaria_tenella",1,NA,NA,NA,NA,NA,0.0155625167274486,NA,NA,NA,NA,NA
"277","Myrtaceae","Myrceugenia_bracteosa",NA,NA,NA,249,NA,NA,NA,NA,NA,10.8069069332686,NA,NA
"39","Myrtaceae","Myrceugenia_brevipedicellata",3,NA,5,NA,NA,NA,0.066908634501008,NA,0.132793873656521,NA,NA,NA
"217","Myrtaceae","Myrceugenia_campestris",NA,NA,13,NA,NA,NA,NA,NA,0.307303558379526,NA,NA,NA
"1","Myrtaceae","Myrceugenia_miersiana",411,NA,NA,NA,30,10,23.71073901277,NA,NA,NA,1.46584824605535,0.238829374891756
"36","Myrtaceae","Myrceugenia_ovata",4,NA,NA,NA,NA,NA,0.113513895907917,NA,NA,NA,NA,NA
"280","Myrtaceae","Myrceugenia_regnelliana",NA,NA,NA,16,NA,NA,NA,NA,NA,0.169104362203962,NA,NA
"13","Myrtaceae","Myrceugenia_rufescens",52,NA,NA,NA,69,13,9.26169348078966,NA,NA,NA,20.6839984150342,0.37403396705704
"343","Myrtaceae","Myrceugenia_scutellata",NA,NA,NA,NA,NA,1,NA,NA,NA,NA,NA,0.0116597889789819
"20","Myrtaceae","Myrceugenia_sp. 2",20,NA,NA,NA,NA,NA,1.55667315019163,NA,NA,NA,NA,NA
"344","Myrtaceae","Myrcia_aethusa",NA,NA,NA,NA,NA,1,NA,NA,NA,NA,NA,0.0268511305569326
"318","Myrtaceae","Myrcia_bicarinata",NA,NA,NA,NA,NA,17,NA,NA,NA,NA,NA,0.970847075106129
"291","Myrtaceae","Myrcia_guianensis",NA,NA,NA,1,NA,51,NA,NA,NA,0.0251298517577964,NA,2.73322430335585
"3","Myrtaceae","Myrcia_hartwegiana",167,NA,NA,NA,112,13,4.53050503524493,NA,NA,NA,6.99709864132296,0.196964245872895
"11","Myrtaceae","Myrcia_laruotteana",64,3,NA,73,NA,114,7.29580148453744,0.103819573505045,NA,3.12325721185861,NA,5.43171031168431
"117","Myrtaceae","Myrcia_multiflora",NA,7,32,NA,NA,1,NA,0.323718797935995,1.29326646650512,NA,NA,0.0168942100429712
"185","Myrtaceae","Myrcia_pulchra",NA,1,NA,NA,1,62,NA,0.0624204726802787,NA,NA,0.00772014300446572,6.47945602739099
"15","Myrtaceae","Myrcia_retorta",35,NA,NA,NA,1,NA,8.89563811030084,NA,NA,NA,0.0435630916989145,NA
"142","Myrtaceae","Myrcia_rostrata",NA,4,2,NA,NA,NA,NA,0.168861827379788,0.114161451124064,NA,NA,NA
"40","Myrtaceae","Myrcia_splendens",3,NA,NA,NA,1,16,0.061361740741518,NA,NA,NA,0.00940537600400814,0.526751961122099
"282","Myrtaceae","Myrcia_subcordata",NA,NA,NA,11,NA,NA,NA,NA,NA,0.405813908323128,NA,NA
"266","Myrtaceae","Myrcia_tenuivenosa",NA,NA,1,NA,NA,NA,NA,NA,0.00969571204270323,NA,NA,NA
"215","Myrtaceae","Myrcia_tomentosa",NA,NA,14,NA,NA,NA,NA,NA,0.374667558919812,NA,NA,NA
"278","Myrtaceae","Myrcia_venulosa",NA,NA,NA,20,NA,14,NA,NA,NA,0.474012635834575,NA,1.20521161384386
"125","Myrtaceae","Myrciaria_rivularis",NA,6,NA,NA,NA,NA,NA,0.161166327855996,NA,NA,NA,NA
"18","Myrtaceae","Myrciaria_tenella",22,NA,NA,NA,NA,NA,0.35624924717643,NA,NA,NA,NA,NA
"319","Myrtaceae","Neomitranthes_pedicellata",NA,NA,NA,NA,NA,12,NA,NA,NA,NA,NA,0.457181244631382
"294","Myrtaceae","Neomitranthes_sp",NA,NA,NA,NA,4,NA,NA,NA,NA,NA,0.21977397509313,NA
"61","Myrtaceae","Pimenta_pseudocaryophyllus",1,NA,NA,2,NA,NA,0.0100758123062754,NA,NA,0.16281028248307,NA,NA
"188","Myrtaceae","Plinia_cauliflora",NA,1,NA,NA,NA,NA,NA,0.0107356907281922,NA,NA,NA,NA
"347","Myrtaceae","Plinia_rivularis",NA,NA,NA,NA,NA,1,NA,NA,NA,NA,NA,0.0549328733547701
"329","Myrtaceae","Psidium_sp.",NA,NA,NA,NA,NA,3,NA,NA,NA,NA,NA,0.212374606237058
"271","Myrtaceae","Psidum_sp.1",NA,NA,1,NA,NA,NA,NA,NA,0.0157151154355106,NA,NA,NA
"289","Myrtaceae","Siphoneugena_crassifolia",NA,NA,NA,5,NA,NA,NA,NA,NA,0.0836418329743358,NA,NA
"323","Myrtaceae","Siphoneugena_densiflora",NA,NA,NA,NA,NA,6,NA,NA,NA,NA,NA,0.112669304807874
"26","Myrtaceae","Siphoneugena_reitzii",9,NA,NA,NA,10,1,0.125963514993007,NA,NA,NA,0.111880626645435,0.0331743356086532
"149","Nyctaginaceae","Guapira_opposita",NA,3,6,NA,NA,1,NA,0.016830142311605,3.13236244108473,NA,NA,0.016265392854554
"273","Olacaceae","Tetrastylidium_grandifolium",NA,NA,1,NA,NA,NA,NA,NA,0.037382250457269,NA,NA,NA
"115","Oleaceae","Chionanthus_filiformis",NA,7,NA,NA,NA,NA,NA,0.236499849055909,NA,NA,NA,NA
"124","Opiliaceae","Agonandra_brasiliensis",NA,6,NA,NA,NA,NA,NA,1.38240748041714,NA,NA,NA,NA
"290","Pentaphylacaceae","Ternstroemia_brasiliensis",NA,NA,NA,2,NA,NA,NA,NA,NA,0.163313368146099,NA,NA
"166","Peraceae","Pera_glabrata",NA,2,NA,NA,NA,NA,NA,0.73072732692316,NA,NA,NA,NA
"167","Phytolaccaceae","Seguieria_langsdorffii",NA,2,NA,NA,NA,NA,NA,0.127951982456727,NA,NA,NA,NA
"50","Picramniaceae","Picramnia_glazioviana",2,NA,NA,NA,NA,NA,0.100415283346943,NA,NA,NA,NA,NA
"19","Picramniaceae","Picramnia_parvifolia",22,NA,NA,NA,NA,2,0.619031222771581,NA,NA,NA,NA,0.10389748734302
"267","Picramniaceae","Picramnia_sellowii",NA,NA,1,NA,NA,NA,NA,NA,0.00696229059647784,NA,NA,NA
"37","Picramniaceae","Picramnia_sp",4,NA,NA,NA,NA,NA,0.10572621662248,NA,NA,NA,NA,NA
"268","Picramniaceae","Picramnia_sp.2",NA,NA,1,NA,NA,NA,NA,NA,0.0893667354035726,NA,NA,NA
"12","Podocarpaceae","Podocarpus_lambertii",53,NA,NA,239,59,34,92.9404481835232,NA,NA,59.2401231981762,33.4998520257434,6.64489299441514
"213","Polygonaceae","Coccoloba_warmingii",NA,NA,16,NA,NA,NA,NA,NA,1.74357654143804,NA,NA,NA
"30","Primulaceae","Myrsine_coriacea",6,NA,NA,6,NA,NA,1.3785073544856,NA,NA,0.35236032176492,NA,NA
"286","Primulaceae","Myrsine_gardneriana",NA,NA,NA,7,NA,NA,NA,NA,NA,0.757493095725288,NA,NA
"288","Primulaceae","Myrsine_lancifolia",NA,NA,NA,5,NA,NA,NA,NA,NA,0.535039452002341,NA,NA
"4","Primulaceae","Myrsine_umbellata",106,1,NA,105,80,44,16.6762718741652,0.0098237699068329,NA,5.98454136583146,6.31155798498611,1.89780074162259
"119","Primulaceae","Rapanea_loefgrenii",NA,7,NA,NA,NA,NA,NA,0.198229062815347,NA,NA,NA,NA
"152","Primulaceae","Rapanea_umbellata",NA,3,11,NA,NA,NA,NA,0.180926626838965,0.163400714356676,NA,NA,NA
"221","Proteaceae","Roupala_brasiliensis",NA,NA,9,NA,NA,NA,NA,NA,1.21471011773847,NA,NA,NA
"63","Proteaceae","Roupala_montana",1,NA,NA,NA,1,60,0.0117907977042308,NA,NA,NA,0.00749008019625501,2.5314705012398
"156","Rhamnaceae","Colubrina_glandulosa",NA,2,NA,NA,NA,NA,NA,0.198663004306808,NA,NA,NA,NA
"120","Rhamnaceae","Rhamnidium_elaeocarpum",NA,7,NA,NA,NA,NA,NA,0.163373944862015,NA,NA,NA,NA
"33","Rhamnaceae","Rhamnus_sphaerosperma",6,NA,NA,5,10,3,0.169495024656786,NA,NA,0.0487642246615101,0.710173314212871,0.0310604136486909
"6","Rosaceae","Prunus_myrtifolia",94,10,40,8,74,23,12.6598488682771,0.424507819018852,9.46581144930089,0.483584561562164,5.35409741560829,1.5285961107143
"112","Rubiaceae","Alibertia_concolor",NA,7,NA,NA,NA,NA,NA,0.169330205855156,NA,NA,NA,NA
"144","Rubiaceae","Alibertia_myrciifolia",NA,3,9,NA,NA,NA,NA,0.0310318451430819,0.0994716748591456,NA,NA,NA
"171","Rubiaceae","Amaioua_intermedia",NA,1,NA,NA,NA,NA,NA,0.0502694303083037,NA,NA,NA,NA
"146","Rubiaceae","Chomelia_obtusa",NA,3,NA,NA,NA,NA,NA,0.0775125031808979,NA,NA,NA,NA
"293","Rubiaceae","Cordiera_myricifolia",NA,NA,NA,NA,5,NA,NA,NA,NA,NA,0.0452781161782593,NA
"258","Rubiaceae","Coutarea_hexandra",NA,NA,1,NA,NA,NA,NA,NA,0.0592861096639001,NA,NA,NA
"77","Rubiaceae","Faramea_montevidensis",NA,28,NA,NA,NA,NA,NA,0.374179195184039,NA,NA,NA,NA
"310","Rubiaceae","Faramea_sp.",NA,NA,NA,NA,NA,28,NA,NA,NA,NA,NA,0.859091536937296
"162","Rubiaceae","Ixora_venulosa",NA,2,NA,NA,NA,NA,NA,0.0277074138225633,NA,NA,NA,NA
"216","Rubiaceae","Psychotria_longipes",NA,NA,14,NA,NA,NA,NA,NA,0.218470628317666,NA,NA,NA
"105","Rubiaceae","Psychotria_suterella",NA,10,NA,NA,NA,NA,NA,0.116213288283843,NA,NA,NA,NA
"62","Rubiaceae","Psychotria_vellosiana",1,NA,NA,NA,NA,65,0.00378031273379978,NA,NA,NA,NA,0.377200465582855
"348","Rubiaceae","Rudgea_gardenoides",NA,NA,NA,NA,NA,1,NA,NA,NA,NA,NA,0.025131483164044
"69","Rubiaceae","Rudgea_jasminoides",NA,54,NA,NA,NA,23,NA,1.25584197345083,NA,NA,NA,0.273162433759737
"292","Rubiaceae","Rudgea_triflora",NA,NA,NA,NA,22,NA,NA,NA,NA,NA,0.268328672212813,NA
"208","Ruscaceae","Cordyline_terminalis",NA,NA,35,NA,NA,NA,NA,NA,0.933309580004928,NA,NA,NA
"103","Rutaceae","Helietta_apiculata",NA,10,NA,NA,NA,NA,NA,4.75546063138068,NA,NA,NA,NA
"94","Rutaceae","Pilocarpus_pennatifolius",NA,17,NA,NA,NA,NA,NA,0.837727810067241,NA,NA,NA,NA
"143","Rutaceae","Zanthoxylum_caribaeum",NA,4,NA,NA,NA,NA,NA,0.0921524833999776,NA,NA,NA,NA
"200","Rutaceae","Zanthoxylum_fagara",NA,1,NA,NA,NA,NA,NA,0.854594240692806,NA,NA,NA,NA
"128","Rutaceae","Zanthoxylum_monogynum",NA,6,NA,NA,NA,NA,NA,1.31420913676742,NA,NA,NA,NA
"43","Rutaceae","Zanthoxylum_rhoifolium",3,NA,NA,NA,NA,5,0.759449242684399,NA,NA,NA,NA,0.0492752265701991
"263","Sabiaceae","Meliosma_sp.",NA,NA,1,NA,NA,NA,NA,NA,0.00451402364292487,NA,NA,NA
"45","Salicaceae","Casearia_decandra",2,3,23,NA,1,19,0.0575762986980849,0.045690788036089,1.07543996167591,NA,0.00676993049009614,0.539683665170287
"95","Salicaceae","Casearia_gossypiosperma",NA,16,NA,NA,NA,NA,NA,7.45138024229709,NA,NA,NA,NA
"256","Salicaceae","Casearia_lasiophylla",NA,NA,1,NA,NA,2,NA,NA,0.0596613068527986,NA,NA,0.0179144864231019
"109","Salicaceae","Casearia_obliqua",NA,8,4,NA,NA,8,NA,1.02205440314962,0.552217788571395,NA,NA,1.58353360231786
"74","Salicaceae","Casearia_sylvestris",NA,29,44,NA,NA,42,NA,4.34702761954352,4.60348717141079,NA,NA,1.38472649244786
"137","Salicaceae","Prockia_crucis",NA,5,3,NA,NA,NA,NA,0.234025950834221,0.0331655256168472,NA,NA,NA
"253","Salicaceae","Xylosma_ciliatifolia",NA,NA,2,NA,NA,6,NA,NA,0.0197837657628551,NA,NA,0.562320268666222
"108","Salicaceae","Xylosma_tweediana",NA,9,NA,NA,NA,NA,NA,4.50653248876202,NA,NA,NA,NA
"85","Sapindaceae","Allophylus_edulis",NA,20,85,20,NA,8,NA,1.87405136540649,0.793272830366287,0.738039890884674,NA,0.233444260743968
"202","Sapindaceae","Cupania_oblongifolia",NA,NA,103,NA,NA,NA,NA,NA,6.50829032254457,NA,NA,NA
"110","Sapindaceae","Cupania_tenuivalvis",NA,8,NA,NA,NA,NA,NA,0.332342058089337,NA,NA,NA,NA
"178","Sapindaceae","Cupania_vernalis",NA,1,10,NA,NA,NA,NA,0.0393902505423648,0.757254696779886,NA,NA,NA
"116","Sapindaceae","Diatenopteryx_sorbifolia",NA,7,NA,NA,NA,NA,NA,9.79074641957665,NA,NA,NA,NA
"73","Sapindaceae","Matayba_elaeagnoides",NA,30,163,NA,NA,394,NA,16.7194226995252,66.1568852317933,NA,NA,31.0368872360705
"131","Sapotaceae","Chrysophyllum_gonocarpum",NA,5,NA,NA,NA,NA,NA,0.269762507340538,NA,NA,NA,NA
"176","Sapotaceae","Chrysophyllum_marginatum",NA,1,10,NA,NA,NA,NA,0.143244491197388,1.36602559889816,NA,NA,NA
"270","Sapotaceae","Pouteria_gardneri",NA,NA,1,NA,NA,NA,NA,NA,0.180615644383101,NA,NA,NA
"190","Sapotaceae","Pouteria_gardneriana",NA,1,NA,NA,NA,NA,NA,0.128112698984558,NA,NA,NA,NA
"346","Simaroubaceae","Picrasma_crenata",NA,NA,NA,NA,NA,1,NA,NA,NA,NA,NA,0.0456562006968928
"175","Solanaceae","Cestrum_intermedium",NA,1,NA,NA,NA,NA,NA,0.0303352484051757,NA,NA,NA,NA
"64","Solanaceae","Solanum_(=231)",1,NA,NA,NA,NA,NA,0.179577250585679,NA,NA,NA,NA,NA
"193","Solanaceae","Solanum_argentum",NA,1,NA,NA,NA,NA,NA,0.00622136692825811,NA,NA,NA,NA
"194","Solanaceae","Solanum_bullatum",NA,1,NA,NA,NA,3,NA,0.2526558925755,NA,NA,NA,0.204247032536649
"305","Solanaceae","Solanum_concinnum",NA,NA,NA,NA,1,NA,NA,NA,NA,NA,0.0267421316759845,NA
"35","Solanaceae","Solanum_mauritianum",5,NA,NA,NA,NA,NA,0.0275345925990199,NA,NA,NA,NA,NA
"38","Solanaceae","Solanum_pseudoquina",4,1,4,NA,NA,NA,0.0855121311090259,0.0172712837127186,0.0376021327916566,NA,NA,NA
"214","Solanaceae","Solanum_rufescens",NA,NA,16,NA,NA,NA,NA,NA,0.5828183692701,NA,NA,NA
"102","Solanaceae","Solanum_sanctae-catharinae",NA,12,NA,NA,NA,NA,NA,0.251729616486814,NA,NA,NA,NA
"65","Solanaceae","Solanum_swartzianum",1,1,NA,NA,30,NA,0.0133775167865201,0.092416166413075,NA,NA,2.0798890627484,NA
"195","Styracaceae","Styrax_camporum",NA,1,NA,NA,NA,NA,NA,0.0900525342510276,NA,NA,NA,NA
"34","Styracaceae","Styrax_leprosus",6,NA,NA,4,NA,NA,0.112108260741219,NA,NA,0.05689047068713,NA,NA
"153","Styracaceae","Styrax_pohlii",NA,3,NA,NA,NA,NA,NA,0.0372741947843126,NA,NA,NA,NA
"66","Symplocaceae","Symplocos_celastrinea",1,NA,NA,1,NA,NA,0.00898433020188081,NA,NA,0.00955333821327082,NA,NA
"51","Symplocaceae","Symplocos_estrellensis",2,NA,NA,NA,NA,NA,0.0196821586223467,NA,NA,NA,NA,NA
"10","Symplocaceae","Symplocos_falcata",67,NA,NA,10,67,3,1.90564251181734,NA,NA,0.198937995802373,2.10697550165716,0.0756303452677943
"196","Symplocaceae","Symplocos_insignis",NA,1,NA,NA,NA,21,NA,0.00800957427774443,NA,NA,NA,7.35976804778505
"272","Symplocaceae","Symplocos_pubescens",NA,NA,1,NA,NA,NA,NA,NA,0.00592149879016158,NA,NA,NA
"314","Symplocaceae","Symplocos_revoluta",NA,NA,NA,NA,NA,23,NA,NA,NA,NA,NA,10.2583799780054
"244","Symplocaceae","Symplocos_variabilis",NA,NA,3,NA,108,NA,NA,NA,0.112515167075787,NA,3.66773113614309,NA
"335","Thymelaeaceae","Daphnopsis_sellowiana",NA,NA,NA,NA,NA,1,NA,NA,NA,NA,NA,0.00674699344525796
"155","Urticaceae","Cecropia_glaziovii",NA,2,NA,NA,NA,NA,NA,0.515217662675696,NA,NA,NA,NA
"173","Urticaceae","Cecropia_pachystachya",NA,1,NA,NA,NA,NA,NA,0.017765641825322,NA,NA,NA,NA
"54","Vochysiaceae","Callisthene_fasciculata",1,NA,NA,NA,NA,NA,0.0108051138428248,NA,NA,NA,NA,NA
"274","Vochysiaceae","Vochysia_bifalcata",NA,NA,1,NA,NA,NA,NA,NA,0.0201063394590862,NA,NA,NA
"154","Vochysiaceae","Vochysia_magnifica",NA,3,NA,NA,NA,NA,NA,0.287379735168512,NA,NA,NA,NA
"326","Vochysiaceae","Vochysia_saldanhana",NA,NA,NA,NA,NA,5,NA,NA,NA,NA,NA,0.136672747776574
"2","Winteraceae","Drimys_brasiliensis",214,NA,NA,20,420,1,6.83159082990914,NA,NA,0.251852104983299,27.2551135308218,0.580965681637652
