"","Famyli","Genus and species","n_MF1","n_MF2","n_MF3","n_MF4","n_MF5","n_MF6","biomass_total_MF1 (Mg)","biomass_total_MF2(Mg)","biomass_total_MF3 (Mg)","biomass_total_MF4 (Mg)","biomass_total_MF5 (Mg)","biomass_total_MF6 (Mg)"
"151","Anacardiaceae","Astronium_graveolens","---","7","---","---","---","---","---","0.612890677435506","---","---","---","---"
"176","Anacardiaceae","Lithraea_molleoides","---","3","---","---","---","---","---","1.44692205023515","---","---","---","---"
"45","Anacardiaceae","Schinus_terebenthifolius","8","---","---","---","---","---","1.12159757204575","---","---","---","---","---"
"171","Anacardiaceae","Tapirira_guianensis","---","5","---","---","---","---","---","0.30782181005286","---","---","---","---"
"274","Annonaceae","Annona_emarginata","---","---","---","3","---","---","---","---","---","0.0641217159245419","---","---"
"300","Annonaceae","Annona_mucosa","---","---","---","---","8","---","---","---","---","---","0.229486186302533","---"
"230","Annonaceae","Annona_rugulosa","---","---","78","---","---","25","---","---","3.10466224495563","---","---","0.511097926932193"
"313","Annonaceae","Annona_sylvatica","---","---","---","---","1","---","---","---","---","---","0.0306852119390505","---"
"121","Annonaceae","Duguetia_lanceolata","---","28","---","---","1","---","---","7.29470164386756","---","---","0.113439013587836","---"
"140","Annonaceae","Guatteria_australis","---","12","---","6","5","---","---","0.796947952966973","---","0.634416369941428","0.204684011855569","---"
"63","Annonaceae","Guatteria_hilariana","4","---","---","---","---","---","0.0357876533599909","---","---","---","---","---"
"23","Annonaceae","Guatteria_nigrescens","24","---","---","---","---","---","0.344461177764964","---","---","---","---","---"
"213","Annonaceae","Porcelia_macrocarpa","---","1","---","---","---","---","---","0.76123770316945","---","---","---","---"
"44","Annonaceae","Rollinia_silvatica","8","---","---","---","---","---","0.499607890432746","---","---","---","---","---"
"224","Annonaceae","Xylopia_brasiliensis","---","1","---","---","---","---","---","0.047375778468072","---","---","---","---"
"115","Annonaceae","Xylopia_langsdorffiana","1","---","---","---","---","---","0.0225596776549355","---","---","---","---","---"
"310","Apocynaceae","Aspidosperma_olivaceum","---","---","---","---","2","---","---","---","---","---","0.0902641734179399","---"
"131","Apocynaceae","Aspidosperma_polyneurum","---","19","---","---","---","---","---","6.18112634884406","---","---","---","---"
"22","Apocynaceae","Aspidosperma_quirandy","25","7","---","---","---","---","1.79642738833403","4.2801214739137","---","---","---","---"
"222","Apocynaceae","Tabernaemontana_laeta","---","1","---","---","---","---","---","0.0424878454730599","---","---","---","---"
"262","Aquifoliaceae","Ilex_(=2015_2190)","---","---","1","---","---","---","---","---","0.0359805068706505","---","---","---"
"263","Aquifoliaceae","Ilex_(=2015_2273)","---","---","1","---","---","---","---","---","0.00685542908414085","---","---","---"
"98","Aquifoliaceae","Ilex_amara","1","---","---","---","---","---","0.15089605755129","---","---","---","---","---"
"331","Aquifoliaceae","Ilex_chamaedryfolia","---","---","---","---","---","16","---","---","---","---","---","0.436895328979672"
"278","Aquifoliaceae","Ilex_dumosa","---","---","---","2","2","---","---","---","---","0.0268450502245157","0.0205987188008349","---"
"235","Aquifoliaceae","Ilex_microdonta","---","---","29","15","---","---","---","---","2.00579116636382","1.42184795948972","---","---"
"168","Aquifoliaceae","Ilex_paraguariensis","---","5","---","6","40","---","---","0.14753248704671","---","0.078005380701244","1.75239796192857","---"
"239","Aquifoliaceae","Ilex_pseudobuxus","---","---","10","---","---","---","---","---","0.584644248812134","---","---","---"
"68","Aquifoliaceae","Ilex_taubertiana","3","---","11","8","77","---","1.49549987790773","---","0.813465796700896","0.324988855351632","3.80345753696609","---"
"48","Aquifoliaceae","Ilex_theezans","7","---","6","3","12","---","0.107869852785925","---","0.264567870143294","0.0285906411900528","0.464021523128253","---"
"126","Araliaceae","Dendropanax_cuneatus","---","22","---","---","---","---","---","2.07252527235265","---","---","---","---"
"216","Araliaceae","Schefflera_angustissima","---","1","---","---","---","---","---","0.0875955097817653","---","---","---","---"
"170","Araliaceae","Schefflera_calva","---","5","---","---","41","---","---","0.333042638305748","---","---","4.45952100900343","---"
"5","Araucariaceae","Araucaria_angustifolia","109","9","82","57","37","96","28.5410798670084","12.7650813434517","71.6982560665353","52.0595035114106","22.2467024081011","46.0330925126563"
"117","Arecaceae","Euterpe_edulis","---","88","---","---","---","---","---","1.39103620496039","---","---","---","---"
"75","Arecaceae","Syagrus_romanzoffiana","3","54","---","---","---","---","0.368851131019635","7.55548415570941","---","---","---","---"
"295","Asteraceae","Baccharis_oblongifolia","---","---","---","---","22","---","---","---","---","---","0.265221856771354","---"
"260","Asteraceae","Baccharis_oreophila","---","---","1","---","---","7","---","---","0.160898556009866","---","---","0.221745554711037"
"280","Asteraceae","Chromolaena_pedunculosa","---","---","---","1","---","---","---","---","---","0.0145261110393408","---","---"
"296","Asteraceae","Critoniopsis_stellata","---","---","---","---","20","---","---","---","---","---","0.251464691495247","---"
"67","Asteraceae","Dasyphyllum_spinescens","3","1","9","---","---","---","2.07665337025603","0.00618202629310825","8.09071656663757","---","---","---"
"302","Asteraceae","Gochnatia_polymorpha","---","---","---","---","7","---","---","---","---","---","1.42205923807793","---"
"336","Asteraceae","Moquiniastrum_polymorphum","---","---","---","---","---","8","---","---","---","---","---","1.58650484538075"
"107","Asteraceae","Piptocarpha_regnellii","1","---","23","20","35","39","0.305079595696621","---","3.01689565201362","10.4711301951731","4.19900756124263","4.39037605245627"
"285","Asteraceae","Vernonanthura_discolor","---","---","---","1","---","---","---","---","---","0.141881270710991","---","---"
"294","Asteraceae","Vernonanthura_divaricata","---","---","---","---","23","---","---","---","---","---","0.525591278218119","---"
"251","Asteraceae","Vernonia_discolor","---","---","3","---","---","---","---","---","0.170795668855427","---","---","---"
"61","Asteraceae","Vernonia_sp.","5","---","---","---","---","---","0.181241292778313","---","---","---","---","---"
"320","Bignoniaceae","Handroanthus_ochraceus","---","---","---","---","1","---","---","---","---","---","0.0367347056652609","---"
"339","Bignoniaceae","Jacaranda_cuspidifolia","---","---","---","---","---","5","---","---","---","---","---","0.232790175552865"
"132","Bignoniaceae","Jacaranda_micrantha","---","19","---","---","---","---","---","6.43410869433418","---","---","---","---"
"9","Bignoniaceae","Jacaranda_puberula","81","---","37","---","1","---","3.65356149427952","---","2.58120656936613","---","0.119649106418003","---"
"283","Bignoniaceae","Jacaranda_sp","---","---","---","1","---","---","---","---","---","0.0167557065843359","---","---"
"116","Bignoniaceae","Zeyheria_tuberculosa","1","---","---","---","---","---","0.0169852715670033","---","---","---","---","---"
"66","Boraginaceae","Cordia_sp.","3","---","---","---","---","---","1.24782613740942","---","---","---","---","---"
"154","Boraginaceae","Patagonula_americana","---","7","---","---","---","---","---","5.93980665785065","---","---","---","---"
"92","Canellaceae","Capsicodendron_dinisii","1","---","---","---","---","---","0.682404271471428","---","---","---","---","---"
"136","Cannabaceae","Trema_micrantha","---","16","---","---","---","---","---","0.197140253992051","---","---","---","---"
"160","Cardiopteridaceae","Citronella_paniculata","---","6","1","2","---","---","---","0.47790688722791","0.0152225797687027","0.0260008277733239","---","---"
"139","Caricaceae","Jacaratia_heptaphylla","---","13","---","---","---","---","---","3.16678919795663","---","---","---","---"
"70","Celastraceae","Maytenus_aquifolia","3","5","---","---","---","---","0.0611048070566377","0.492787698547187","---","---","---","---"
"59","Celastraceae","Maytenus_evonymoides","5","4","---","---","2","---","0.241069666805378","0.0478569264374778","---","---","0.0928770693747857","---"
"254","Celastraceae","Maytenus_salicifolia","---","---","2","---","---","---","---","---","0.02914678413181","---","---","---"
"43","Celastraceae","Maytenus_sp.1","8","---","---","---","---","---","0.374638028437002","---","---","---","---","---"
"69","Chrysobalanaceae","Licania_kunthiana","3","---","---","---","---","---","2.39008583308916","---","---","---","---","---"
"199","Clethraceae","Clethra_scabra","---","1","9","96","8","3","---","0.123671043558866","0.443855435083399","17.4393343610061","0.297415034879665","0.0419592231932265"
"223","Combretaceae","Terminalia_triflora","---","1","---","---","---","---","---","0.0342290542687836","---","---","---","---"
"275","Cunoniaceae","Weinmannia_paulliniifolia","---","---","---","3","---","---","---","---","---","1.17934240134066","---","---"
"157","Elaeocarpaceae","Sloanea_lasiocoma","---","7","---","1","---","---","---","0.789960559967956","---","0.0072968294411116","---","---"
"333","Ericaceae","Agarista_oleifolia","---","---","---","---","---","13","---","---","---","---","---","0.404562192173923"
"183","Erythroxylaceae","Erythroxyllum_sp","---","2","---","---","---","---","---","0.0137918424419775","---","---","---","---"
"81","Erythroxylaceae","Erythroxylum_cuneifolium","2","---","---","---","---","---","0.0949164536655474","---","---","---","---","---"
"125","Euphorbiaceae","Actinostemon_concepcionis","---","25","---","---","---","---","---","0.56346469490928","---","---","---","---"
"194","Euphorbiaceae","Alchornea_glandulosa","---","1","---","---","2","---","---","0.00937693754726598","---","---","0.0426561282125337","---"
"164","Euphorbiaceae","Alchornea_triplinervia","---","5","---","---","3","---","---","0.576097137701742","---","---","0.037529667869019","---"
"138","Euphorbiaceae","Croton_floribundus","---","13","---","---","---","---","---","2.16441137644405","---","---","---","---"
"282","Euphorbiaceae","Croton_macrobothrys","---","---","---","1","---","---","---","---","---","0.0356115091067593","---","---"
"102","Euphorbiaceae","Micrandra_sp.","1","---","---","---","---","---","0.54020291929188","---","---","---","---","---"
"27","Euphorbiaceae","Sapium_glandulosum","17","---","---","---","18","---","2.09155014055718","---","---","---","1.30200316347479","---"
"291","Euphorbiaceae","Sebastiania_brasiliensis","---","---","---","---","24","---","---","---","---","---","2.23207485994873","---"
"88","Euphorbiaceae","Sebastiania_klotzschiana","2","20","---","---","---","---","0.0227443586859952","1.8557770939306","---","---","---","---"
"158","Euphorbiaceae","Tetrorchidium_rubrivenium","---","7","---","---","---","---","---","0.131935011286243","---","---","---","---"
"193","Fabaceae","Acacia_polyphylla","---","1","---","---","---","---","---","0.0118505390530784","---","---","---","---"
"50","Fabaceae","Anadenanthera_sp.","6","---","---","---","---","---","0.551635484760907","---","---","---","---","---"
"52","Fabaceae","Cassia_leptophylla","6","1","---","---","---","---","1.47246178039259","0.993287868956787","---","---","---","---"
"78","Fabaceae","Copaifera_langsdorffii","2","3","---","---","---","---","0.513690819313113","0.764127707104646","---","---","---","---"
"130","Fabaceae","Copaifera_trapezifolia","---","21","---","---","---","---","---","1.00171661281126","---","---","---","---"
"56","Fabaceae","Dalbergia_brasiliensis","5","---","---","---","28","---","2.68608642700852","---","---","---","3.28837441775188","---"
"307","Fabaceae","Dalbergia_myriantha","---","---","---","---","3","---","---","---","---","---","0.0714974855739047","---"
"80","Fabaceae","Enterolobium_sp.","2","---","---","---","---","---","0.192782922551478","---","---","---","---","---"
"46","Fabaceae","Erythrina_falcata","7","---","---","---","---","---","0.634025377324395","---","---","---","---","---"
"83","Fabaceae","Exostyles_godoyensis","2","19","---","---","---","---","0.0794321901943474","1.72968680075564","---","---","---","---"
"185","Fabaceae","Holocalyx_glaziovii","---","2","---","---","---","---","---","0.0799694644987182","---","---","---","---"
"321","Fabaceae","Inga_edwalii","---","---","---","---","1","---","---","---","---","---","0.00580440198107479","---"
"143","Fabaceae","Inga_marginata","---","10","---","---","---","---","---","0.281837323977964","---","---","---","---"
"186","Fabaceae","Inga_sessilis","---","2","---","---","---","---","---","0.0230895057796954","---","---","---","---"
"133","Fabaceae","Inga_striata","---","18","---","---","---","---","---","1.71720584193297","---","---","---","---"
"322","Fabaceae","Leucochloron_incuriale","---","---","---","---","1","---","---","---","---","---","0.00879571084186502","---"
"57","Fabaceae","Lonchocarpus_campestris","5","---","---","---","---","---","0.983388332663495","---","---","---","---","---"
"58","Fabaceae","Lonchocarpus_cultratus","5","---","---","---","---","---","0.0987218966788474","---","---","---","---","---"
"33","Fabaceae","Machaerium_hatschbachii","12","---","---","---","---","---","1.39247743783024","---","---","---","---","---"
"99","Fabaceae","Machaerium_minutiflorum","1","---","---","---","---","---","0.32384669210971","---","---","---","---","---"
"54","Fabaceae","Machaerium_nyctitans","6","18","---","---","---","---","0.32558123044868","10.2905657195034","---","---","---","---"
"124","Fabaceae","Machaerium_paraguariense","---","26","---","---","---","---","---","4.41365334453001","---","---","---","---"
"84","Fabaceae","Machaerium_scleroxylon","2","13","---","---","---","---","0.0583727765853441","9.83677558935889","---","---","---","---"
"55","Fabaceae","Machaerium_sp.","6","---","---","---","---","---","0.888278710100355","---","---","---","---","---"
"11","Fabaceae","Machaerium_stipitatum","68","17","---","---","---","---","7.04668390884122","5.22084063538077","---","---","---","---"
"18","Fabaceae","Machaerium_vestitum","37","---","---","---","---","---","2.05490917190655","---","---","---","---","---"
"312","Fabaceae","Machaerium_villosum","---","---","---","---","2","---","---","---","---","---","0.153514741301534","---"
"255","Fabaceae","Mimosa_scabrela","---","---","2","---","---","---","---","---","2.37690549387209","---","---","---"
"335","Fabaceae","Mimosa_scabrella","---","---","---","---","---","8","---","---","---","---","---","0.383292640541078"
"325","Fabaceae","Ormosia_sp.","---","---","---","---","1","---","---","---","---","---","0.0350028713297361","---"
"120","Fabaceae","Parapiptadenia_rigida","---","29","---","---","---","---","---","30.0401307422488","---","---","---","---"
"49","Fabaceae","Piptadenia_gonoacantha","7","6","---","---","---","---","2.37336619372695","3.33809782375413","---","---","---","---"
"108","Fabaceae","Pithecellobium_langsdorffii","1","---","---","---","---","---","0.0287746475976691","---","---","---","---","---"
"72","Fabaceae","Poecilanthe_parviflora","3","---","---","---","---","---","3.67214949280817","---","---","---","---","---"
"329","Fabaceae","Senna_macranthera","---","---","---","---","1","---","---","---","---","---","0.00699718563810674","---"
"89","Fabaceae","Senna_multijuga","2","---","---","---","---","---","0.058114254943691","---","---","---","---","---"
"4","Fabaceae","Swartzia_acutifolia","118","---","---","---","---","---","8.49910424223849","---","---","---","---","---"
"259","Lamiaceae","Aegiphila_integrifolia","---","---","1","---","---","---","---","---","0.145890352320127","---","---","---"
"37","Lamiaceae","Vitex_polygama","10","---","---","---","---","---","0.467580135893809","---","---","---","---","---"
"281","Lauraceae","Cinnamomum_glaziovii","---","---","---","1","---","---","---","---","---","0.00744219044780967","---","---"
"229","Lauraceae","Cinnamomum_sellowianum","---","---","95","7","---","---","---","---","14.2221132771577","0.27502623769117","---","---"
"94","Lauraceae","Cinnamomum_sp.1","1","---","---","---","---","---","0.00440585784139735","---","---","---","---","---"
"277","Lauraceae","Cinnamomum_triplinerve","---","---","---","2","---","---","---","---","---","0.0411468374919223","---","---"
"79","Lauraceae","Endlicheria_paniculata","2","2","---","---","1","---","0.0304704152053706","0.0146414239869181","---","---","0.0176265962984414","---"
"86","Lauraceae","Nectandra_angustifolia","2","---","---","---","---","---","0.0741488025811319","---","---","---","---","---"
"169","Lauraceae","Nectandra_lanceolata","---","5","---","---","---","---","---","3.75937104479252","---","---","---","---"
"149","Lauraceae","Nectandra_megapotamica","---","8","---","---","---","---","---","0.965805453197748","---","---","---","---"
"292","Lauraceae","Nectandra_nitidula","---","---","---","---","23","---","---","---","---","---","2.09173025783101","---"
"208","Lauraceae","Nectandra_oppositifolia","---","1","---","---","1","---","---","0.12870623084735","---","---","0.00914696314349386","---"
"104","Lauraceae","Ocotea_bicolor","1","6","9","3","23","---","0.125021736022153","0.972052440557724","0.355756980588153","0.0358297417796667","2.87532664839736","---"
"26","Lauraceae","Ocotea_brachybotra","18","---","---","---","---","---","0.295555739125759","---","---","---","---","---"
"145","Lauraceae","Ocotea_corymbosa","---","9","---","---","21","---","---","1.19574680612739","---","---","1.78844020558034","---"
"146","Lauraceae","Ocotea_diospyrifolia","---","9","---","---","14","---","---","5.334273997805","---","---","1.80133864845712","---"
"244","Lauraceae","Ocotea_dispersa","---","---","6","---","11","---","---","---","0.217116512367954","---","0.318471986652113","---"
"3","Lauraceae","Ocotea_elegans","118","2","---","---","---","---","18.7146730577652","0.679870246883665","---","---","---","---"
"256","Lauraceae","Ocotea_glaziovii","---","---","2","8","6","---","---","---","0.0422608234044503","0.0592700724497372","0.40051695169843","---"
"128","Lauraceae","Ocotea_indecora","---","22","1","---","---","---","---","3.04737853525816","0.00685894667586081","---","---","---"
"10","Lauraceae","Ocotea_nutans","69","---","---","---","---","---","10.9928034817233","---","---","---","---","---"
"71","Lauraceae","Ocotea_odorifera","3","---","---","---","1","---","0.0302628865003061","---","---","---","0.00567719932563718","---"
"189","Lauraceae","Ocotea_prolifera","---","2","---","---","---","---","---","0.0812205011250133","---","---","---","---"
"15","Lauraceae","Ocotea_puberula","42","---","6","1","---","---","18.1361921750163","---","0.439924649086973","0.00437295090242248","---","---"
"209","Lauraceae","Ocotea_pulchella","---","1","72","18","79","70","---","0.256724861416708","5.62063391097087","0.551626769157595","5.61142293790381","2.33212904529856"
"162","Lauraceae","Ocotea_silvestris","---","6","---","---","4","---","---","0.607415789915679","---","---","0.190403629195675","---"
"40","Lauraceae","Ocotea_sp.","9","---","---","---","---","---","0.998113630854928","---","---","---","---","---"
"210","Lauraceae","Ocotea_teleiandra","---","1","---","---","---","---","---","0.890915604304362","---","---","---","---"
"265","Lauraceae","Persea_alba","---","---","1","---","---","---","---","---","0.555810718916499","---","---","---"
"279","Lauraceae","Persea_microneura","---","---","---","2","---","---","---","---","---","0.0214040872413154","---","---"
"87","Lauraceae","Persea_sp.","2","---","---","---","---","---","0.477558990814821","---","---","---","---","---"
"211","Lauraceae","Persea_willdenovii","---","1","3","---","5","---","---","2.41769307576077","0.45522834615279","---","2.46891699349468","---"
"200","Laxmaniaceae","Cordyline_terminalis","---","1","---","---","---","---","---","0.0345940879301133","---","---","---","---"
"74","Loganiaceae","Strichnos_brasiliensis","3","---","---","---","---","---","0.035897391231815","---","---","---","---","---"
"286","Lythraceae","Lafoensia_pacari","---","---","---","---","119","---","---","---","---","---","8.31938529758903","---"
"65","Malpighiaceae","Bunchosia_pallescens","3","---","---","---","---","---","0.351640589241328","---","---","---","---","---"
"197","Malvaceae","Ceiba_speciosa","---","1","---","---","---","---","---","0.42179061376349","---","---","---","---"
"1","Malvaceae","Guazuma_ulmifolia","203","1","---","---","---","---","3.36477914449187","0.0348286833785889","---","---","---","---"
"13","Malvaceae","Luehea_divaricata","46","37","---","---","---","---","7.8598832161002","15.009292540212","---","---","---","---"
"215","Malvaceae","Pseudobombax_grandiflorum","---","1","---","---","---","---","---","0.00487841614930155","---","---","---","---"
"337","Melastomataceae","Miconia_budlejoides","---","---","---","---","---","7","---","---","---","---","---","0.0674084720284818"
"242","Melastomataceae","Miconia_cinerascens","---","---","6","40","---","---","---","---","0.0651236372981801","0.704482342496398","---","---"
"202","Melastomataceae","Miconia_doriana","---","1","---","---","---","---","---","0.032413332126687","---","---","---","---"
"203","Melastomataceae","Miconia_hymenonervia","---","1","---","---","---","---","---","0.00718132378266366","---","---","---","---"
"290","Melastomataceae","Miconia_ligustroides","---","---","---","---","27","---","---","---","---","---","1.25758785670729","---"
"177","Melastomataceae","Miconia_petropolitana","---","3","---","---","---","---","---","0.0247364968528726","---","---","---","---"
"304","Melastomataceae","Miconia_pusiliflora","---","---","---","---","5","---","---","---","---","---","0.0950427350136936","---"
"305","Melastomataceae","Miconia_shepherdii","---","---","---","---","5","---","---","---","---","---","0.114412945589665","---"
"101","Melastomataceae","Miconia_sp.","1","---","---","---","---","---","0.00695581621916653","---","---","---","---","---"
"204","Melastomataceae","Miconia_tristis","---","1","---","---","---","---","---","0.00700598033258171","---","---","---","---"
"51","Meliaceae","Cabralea_canjerana","6","17","---","---","2","---","0.0447413726805298","0.653413579459494","---","---","0.0926764662347957","---"
"25","Meliaceae","Cedrela_fissilis","20","5","---","2","2","---","12.3304435453757","2.79774124720819","---","0.015612356068082","0.103489532930138","---"
"201","Meliaceae","Guarea_macrophylla","---","1","---","---","---","---","---","0.0149918406131034","---","---","---","---"
"119","Meliaceae","Trichilia_catigua","---","50","---","---","---","---","---","1.60176644229604","---","---","---","---"
"129","Meliaceae","Trichilia_claussenii","---","22","---","---","---","---","---","1.00921345678069","---","---","---","---"
"77","Meliaceae","Trichilia_elegans","3","7","---","---","---","---","0.0336956788031053","0.135262100778935","---","---","---","---"
"192","Meliaceae","Trichilia_pallida","---","2","---","---","---","---","---","0.0221491529510822","---","---","---","---"
"188","Monimiaceae","Mollinedia_argyrogyna","---","2","---","---","2","---","---","0.0741977053365502","---","---","0.024178482075829","---"
"127","Monimiaceae","Mollinedia_elegans","---","22","---","---","---","---","---","0.375489547418798","---","---","---","---"
"205","Monimiaceae","Mollinedia_schottiana","---","1","---","---","---","---","---","0.00852651656215032","---","---","---","---"
"184","Moraceae","Ficus_luschnathiana","---","2","---","---","---","---","---","0.187426148621536","---","---","---","---"
"97","Moraceae","Ficus_sp.","1","---","---","---","---","---","0.047378563165924","---","---","---","---","---"
"111","Moraceae","Sorocea_bonplandii","1","187","---","---","14","---","0.0223282642469083","9.17438508354996","---","---","0.342615632405757","---"
"301","Myrtaceae","Blepharocalyx_salicifolius","---","---","---","---","7","---","---","---","---","---","0.359038413989788","---"
"253","Myrtaceae","Calyptranthes_(=1475 coletado)","---","---","2","---","---","---","---","---","0.0382809103367552","---","---","---"
"173","Myrtaceae","Calyptranthes_grandifolia","---","3","---","---","---","---","---","0.0381217518336765","---","---","---","---"
"241","Myrtaceae","Calyptranthes_lucida","---","---","6","---","---","---","---","---","1.21177129347004","---","---","---"
"314","Myrtaceae","Calyptranthes_sp.","---","---","---","---","1","---","---","---","---","---","0.0141111313429689","---"
"276","Myrtaceae","Calyptranthes_widgreniana","---","---","---","2","22","---","---","---","---","0.116420792482428","0.635886822867908","---"
"311","Myrtaceae","Campomanesia_eugenioides","---","---","---","---","2","---","---","---","---","---","0.0736303468768398","---"
"137","Myrtaceae","Campomanesia_guazumifolia","---","15","---","---","14","---","---","1.30448611218073","---","---","0.420410776470927","---"
"91","Myrtaceae","Campomanesia_sp.","1","---","---","---","---","---","0.0252797841848875","---","---","---","---","---"
"42","Myrtaceae","Campomanesia_sp.2","8","---","---","---","---","---","0.369284435079859","---","---","---","---","---"
"12","Myrtaceae","Campomanesia_xanthocarpa","49","4","---","---","---","---","4.37837779016939","0.47777724378092","---","---","---","---"
"316","Myrtaceae","Eugenia_(laranja)","---","---","---","---","1","---","---","---","---","---","0.493705373618068","---"
"317","Myrtaceae","Eugenia_(miuda, branca)","---","---","---","---","1","---","---","---","---","---","0.0163576312767241","---"
"17","Myrtaceae","Eugenia_cerasiflora","37","---","---","---","---","---","2.79726432849095","---","---","---","---","---"
"166","Myrtaceae","Eugenia_dodonaeifolia","---","5","---","---","---","---","---","0.16440602621505","---","---","---","---"
"21","Myrtaceae","Eugenia_involucrata","26","---","---","---","---","---","1.11515781682616","---","---","---","---","---"
"39","Myrtaceae","Eugenia_ligustrina","9","102","2","---","16","---","0.338312943356176","4.31736633340522","0.180940856949737","---","0.897960883093753","---"
"318","Myrtaceae","Eugenia_neoformosa","---","---","---","---","1","---","---","---","---","---","0.0403742847268764","---"
"8","Myrtaceae","Eugenia_neoverrucosa","85","---","---","---","---","---","2.77019323473785","---","---","---","---","---"
"287","Myrtaceae","Eugenia_pluriflora","---","---","---","---","106","---","---","---","---","---","3.06164926448148","---"
"175","Myrtaceae","Eugenia_ramboi","---","3","---","---","76","---","---","0.750804640944014","---","---","4.98399999694585","---"
"319","Myrtaceae","Eugenia_sp.","---","---","---","---","1","---","---","---","---","---","0.0481335914121239","---"
"47","Myrtaceae","Eugenia_sp.2","7","---","---","---","---","---","0.226749869696875","---","---","---","---","---"
"308","Myrtaceae","Eugenia_sp.7","---","---","---","---","3","---","---","---","---","---","0.152551600716341","---"
"96","Myrtaceae","Eugenia_speciosa","1","---","---","---","---","---","0.0115536783101735","---","---","---","---","---"
"123","Myrtaceae","Eugenia_stenophylla","---","26","---","---","---","---","---","2.69038965647776","---","---","---","---"
"82","Myrtaceae","Eugenia_stictosepala","2","---","---","---","---","---","0.0217621487646208","---","---","---","---","---"
"167","Myrtaceae","Eugenia_uniflora","---","5","---","---","---","---","---","0.099455116821922","---","---","---","---"
"264","Myrtaceae","Myciaria_tenella","---","---","1","---","---","---","---","---","0.0155625167274486","---","---","---"
"330","Myrtaceae","Myrceugenia_bracteosa","---","---","---","---","---","249","---","---","---","---","---","10.8069069332686"
"60","Myrtaceae","Myrceugenia_brevipedicellata","5","---","3","---","---","---","0.132793873656521","---","0.066908634501008","---","---","---"
"32","Myrtaceae","Myrceugenia_campestris","13","---","---","---","---","---","0.307303558379526","---","---","---","---","---"
"226","Myrtaceae","Myrceugenia_miersiana","---","---","411","30","10","---","---","---","23.71073901277","1.46584824605535","0.238829374891756","---"
"248","Myrtaceae","Myrceugenia_ovata","---","---","4","---","---","---","---","---","0.113513895907917","---","---","---"
"332","Myrtaceae","Myrceugenia_regnelliana","---","---","---","---","---","16","---","---","---","---","---","0.169104362203962"
"233","Myrtaceae","Myrceugenia_rufescens","---","---","52","69","13","---","---","---","9.26169348078966","20.6839984150342","0.37403396705704","---"
"323","Myrtaceae","Myrceugenia_scutellata","---","---","---","---","1","---","---","---","---","---","0.0116597889789819","---"
"238","Myrtaceae","Myrceugenia_sp. 2","---","---","20","---","---","---","---","---","1.55667315019163","---","---","---"
"324","Myrtaceae","Myrcia_aethusa","---","---","---","---","1","---","---","---","---","---","0.0268511305569326","---"
"297","Myrtaceae","Myrcia_bicarinata","---","---","---","---","17","---","---","---","---","---","0.970847075106129","---"
"288","Myrtaceae","Myrcia_guianensis","---","---","---","---","51","1","---","---","---","---","2.73322430335585","0.0251298517577964"
"228","Myrtaceae","Myrcia_hartwegiana","---","---","167","112","13","---","---","---","4.53050503524493","6.99709864132296","0.196964245872895","---"
"178","Myrtaceae","Myrcia_laruotteana","---","3","64","---","114","73","---","0.103819573505045","7.29580148453744","---","5.43171031168431","3.12325721185861"
"20","Myrtaceae","Myrcia_multiflora","32","7","---","---","1","---","1.29326646650512","0.323718797935995","---","---","0.0168942100429712","---"
"206","Myrtaceae","Myrcia_pulchra","---","1","---","1","62","---","---","0.0624204726802787","---","0.00772014300446572","6.47945602739099","---"
"234","Myrtaceae","Myrcia_retorta","---","---","35","1","---","---","---","---","8.89563811030084","0.0435630916989145","---","---"
"85","Myrtaceae","Myrcia_rostrata","2","4","---","---","---","---","0.114161451124064","0.168861827379788","---","---","---","---"
"250","Myrtaceae","Myrcia_splendens","---","---","3","1","16","---","---","---","0.061361740741518","0.00940537600400814","0.526751961122099","---"
"334","Myrtaceae","Myrcia_subcordata","---","---","---","---","---","11","---","---","---","---","---","0.405813908323128"
"103","Myrtaceae","Myrcia_tenuivenosa","1","---","---","---","---","---","0.00969571204270323","---","---","---","---","---"
"30","Myrtaceae","Myrcia_tomentosa","14","---","---","---","---","---","0.374667558919812","---","---","---","---","---"
"298","Myrtaceae","Myrcia_venulosa","---","---","---","---","14","20","---","---","---","---","1.20521161384386","0.474012635834575"
"161","Myrtaceae","Myrciaria_rivularis","---","6","---","---","---","---","---","0.161166327855996","---","---","---","---"
"236","Myrtaceae","Myrciaria_tenella","---","---","22","---","---","---","---","---","0.35624924717643","---","---","---"
"299","Myrtaceae","Neomitranthes_pedicellata","---","---","---","---","12","---","---","---","---","---","0.457181244631382","---"
"273","Myrtaceae","Neomitranthes_sp","---","---","---","4","---","---","---","---","---","0.21977397509313","---","---"
"266","Myrtaceae","Pimenta_pseudocaryophyllus","---","---","1","---","---","2","---","---","0.0100758123062754","---","---","0.16281028248307"
"212","Myrtaceae","Plinia_cauliflora","---","1","---","---","---","---","---","0.0107356907281922","---","---","---","---"
"327","Myrtaceae","Plinia_rivularis","---","---","---","---","1","---","---","---","---","---","0.0549328733547701","---"
"309","Myrtaceae","Psidium_sp.","---","---","---","---","3","---","---","---","---","---","0.212374606237058","---"
"110","Myrtaceae","Psidum_sp.1","1","---","---","---","---","---","0.0157151154355106","---","---","---","---","---"
"341","Myrtaceae","Siphoneugena_crassifolia","---","---","---","---","---","5","---","---","---","---","---","0.0836418329743358"
"303","Myrtaceae","Siphoneugena_densiflora","---","---","---","---","6","---","---","---","---","---","0.112669304807874","---"
"240","Myrtaceae","Siphoneugena_reitzii","---","---","9","10","1","---","---","---","0.125963514993007","0.111880626645435","0.0331743356086532","---"
"53","Nyctaginaceae","Guapira_opposita","6","3","---","---","1","---","3.13236244108473","0.016830142311605","---","---","0.016265392854554","---"
"113","Olacaceae","Tetrastylidium_grandifolium","1","---","---","---","---","---","0.037382250457269","---","---","---","---","---"
"152","Oleaceae","Chionanthus_filiformis","---","7","---","---","---","---","---","0.236499849055909","---","---","---","---"
"159","Opiliaceae","Agonandra_brasiliensis","---","6","---","---","---","---","---","1.38240748041714","---","---","---","---"
"342","Pentaphylacaceae","Ternstroemia_brasiliensis","---","---","---","---","---","2","---","---","---","---","---","0.163313368146099"
"190","Peraceae","Pera_glabrata","---","2","---","---","---","---","---","0.73072732692316","---","---","---","---"
"191","Phytolaccaceae","Seguieria_langsdorffii","---","2","---","---","---","---","---","0.127951982456727","---","---","---","---"
"257","Picramniaceae","Picramnia_glazioviana","---","---","2","---","---","---","---","---","0.100415283346943","---","---","---"
"237","Picramniaceae","Picramnia_parvifolia","---","---","22","---","2","---","---","---","0.619031222771581","---","0.10389748734302","---"
"105","Picramniaceae","Picramnia_sellowii","1","---","---","---","---","---","0.00696229059647784","---","---","---","---","---"
"249","Picramniaceae","Picramnia_sp","---","---","4","---","---","---","---","---","0.10572621662248","---","---","---"
"106","Picramniaceae","Picramnia_sp.2","1","---","---","---","---","---","0.0893667354035726","---","---","---","---","---"
"232","Podocarpaceae","Podocarpus_lambertii","---","---","53","59","34","239","---","---","92.9404481835232","33.4998520257434","6.64489299441514","59.2401231981762"
"28","Polygonaceae","Coccoloba_warmingii","16","---","---","---","---","---","1.74357654143804","---","---","---","---","---"
"243","Primulaceae","Myrsine_coriacea","---","---","6","---","---","6","---","---","1.3785073544856","---","---","0.35236032176492"
"338","Primulaceae","Myrsine_gardneriana","---","---","---","---","---","7","---","---","---","---","---","0.757493095725288"
"340","Primulaceae","Myrsine_lancifolia","---","---","---","---","---","5","---","---","---","---","---","0.535039452002341"
"207","Primulaceae","Myrsine_umbellata","---","1","106","80","44","105","---","0.0098237699068329","16.6762718741652","6.31155798498611","1.89780074162259","5.98454136583146"
"155","Primulaceae","Rapanea_loefgrenii","---","7","---","---","---","---","---","0.198229062815347","---","---","---","---"
"34","Primulaceae","Rapanea_umbellata","11","3","---","---","---","---","0.163400714356676","0.180926626838965","---","---","---","---"
"41","Proteaceae","Roupala_brasiliensis","9","---","---","---","---","---","1.21471011773847","---","---","---","---","---"
"268","Proteaceae","Roupala_montana","---","---","1","1","60","---","---","---","0.0117907977042308","0.00749008019625501","2.5314705012398","---"
"182","Rhamnaceae","Colubrina_glandulosa","---","2","---","---","---","---","---","0.198663004306808","---","---","---","---"
"156","Rhamnaceae","Rhamnidium_elaeocarpum","---","7","---","---","---","---","---","0.163373944862015","---","---","---","---"
"245","Rhamnaceae","Rhamnus_sphaerosperma","---","---","6","10","3","5","---","---","0.169495024656786","0.710173314212871","0.0310604136486909","0.0487642246615101"
"16","Rosaceae","Prunus_myrtifolia","40","10","94","74","23","8","9.46581144930089","0.424507819018852","12.6598488682771","5.35409741560829","1.5285961107143","0.483584561562164"
"150","Rubiaceae","Alibertia_concolor","---","7","---","---","---","---","---","0.169330205855156","---","---","---","---"
"38","Rubiaceae","Alibertia_myrciifolia","9","3","---","---","---","---","0.0994716748591456","0.0310318451430819","---","---","---","---"
"195","Rubiaceae","Amaioua_intermedia","---","1","---","---","---","---","---","0.0502694303083037","---","---","---","---"
"174","Rubiaceae","Chomelia_obtusa","---","3","---","---","---","---","---","0.0775125031808979","---","---","---","---"
"272","Rubiaceae","Cordiera_myricifolia","---","---","---","5","---","---","---","---","---","0.0452781161782593","---","---"
"95","Rubiaceae","Coutarea_hexandra","1","---","---","---","---","---","0.0592861096639001","---","---","---","---","---"
"122","Rubiaceae","Faramea_montevidensis","---","28","---","---","---","---","---","0.374179195184039","---","---","---","---"
"289","Rubiaceae","Faramea_sp.","---","---","---","---","28","---","---","---","---","---","0.859091536937296","---"
"187","Rubiaceae","Ixora_venulosa","---","2","---","---","---","---","---","0.0277074138225633","---","---","---","---"
"31","Rubiaceae","Psychotria_longipes","14","---","---","---","---","---","0.218470628317666","---","---","---","---","---"
"144","Rubiaceae","Psychotria_suterella","---","10","---","---","---","---","---","0.116213288283843","---","---","---","---"
"267","Rubiaceae","Psychotria_vellosiana","---","---","1","---","65","---","---","---","0.00378031273379978","---","0.377200465582855","---"
"328","Rubiaceae","Rudgea_gardenoides","---","---","---","---","1","---","---","---","---","---","0.025131483164044","---"
"118","Rubiaceae","Rudgea_jasminoides","---","54","---","---","23","---","---","1.25584197345083","---","---","0.273162433759737","---"
"271","Rubiaceae","Rudgea_triflora","---","---","---","22","---","---","---","---","---","0.268328672212813","---","---"
"19","Ruscaceae","Cordyline_terminalis","35","---","---","---","---","---","0.933309580004928","---","---","---","---","---"
"142","Rutaceae","Helietta_apiculata","---","10","---","---","---","---","---","4.75546063138068","---","---","---","---"
"134","Rutaceae","Pilocarpus_pennatifolius","---","17","---","---","---","---","---","0.837727810067241","---","---","---","---"
"172","Rutaceae","Zanthoxylum_caribaeum","---","4","---","---","---","---","---","0.0921524833999776","---","---","---","---"
"225","Rutaceae","Zanthoxylum_fagara","---","1","---","---","---","---","---","0.854594240692806","---","---","---","---"
"163","Rutaceae","Zanthoxylum_monogynum","---","6","---","---","---","---","---","1.31420913676742","---","---","---","---"
"252","Rutaceae","Zanthoxylum_rhoifolium","---","---","3","---","5","---","---","---","0.759449242684399","---","0.0492752265701991","---"
"100","Sabiaceae","Meliosma_sp.","1","---","---","---","---","---","0.00451402364292487","---","---","---","---","---"
"24","Salicaceae","Casearia_decandra","23","3","2","1","19","---","1.07543996167591","0.045690788036089","0.0575762986980849","0.00676993049009614","0.539683665170287","---"
"135","Salicaceae","Casearia_gossypiosperma","---","16","---","---","---","---","---","7.45138024229709","---","---","---","---"
"93","Salicaceae","Casearia_lasiophylla","1","---","---","---","2","---","0.0596613068527986","---","---","---","0.0179144864231019","---"
"62","Salicaceae","Casearia_obliqua","4","8","---","---","8","---","0.552217788571395","1.02205440314962","---","---","1.58353360231786","---"
"14","Salicaceae","Casearia_sylvestris","44","29","---","---","42","---","4.60348717141079","4.34702761954352","---","---","1.38472649244786","---"
"73","Salicaceae","Prockia_crucis","3","5","---","---","---","---","0.0331655256168472","0.234025950834221","---","---","---","---"
"90","Salicaceae","Xylosma_ciliatifolia","2","---","---","---","6","---","0.0197837657628551","---","---","---","0.562320268666222","---"
"147","Salicaceae","Xylosma_tweediana","---","9","---","---","---","---","---","4.50653248876202","---","---","---","---"
"7","Sapindaceae","Allophylus_edulis","85","20","---","---","8","20","0.793272830366287","1.87405136540649","---","---","0.233444260743968","0.738039890884674"
"6","Sapindaceae","Cupania_oblongifolia","103","---","---","---","---","---","6.50829032254457","---","---","---","---","---"
"148","Sapindaceae","Cupania_tenuivalvis","---","8","---","---","---","---","---","0.332342058089337","---","---","---","---"
"36","Sapindaceae","Cupania_vernalis","10","1","---","---","---","---","0.757254696779886","0.0393902505423648","---","---","---","---"
"153","Sapindaceae","Diatenopteryx_sorbifolia","---","7","---","---","---","---","---","9.79074641957665","---","---","---","---"
"2","Sapindaceae","Matayba_elaeagnoides","163","30","---","---","394","---","66.1568852317933","16.7194226995252","---","---","31.0368872360705","---"
"165","Sapotaceae","Chrysophyllum_gonocarpum","---","5","---","---","---","---","---","0.269762507340538","---","---","---","---"
"35","Sapotaceae","Chrysophyllum_marginatum","10","1","---","---","---","---","1.36602559889816","0.143244491197388","---","---","---","---"
"109","Sapotaceae","Pouteria_gardneri","1","---","---","---","---","---","0.180615644383101","---","---","---","---","---"
"214","Sapotaceae","Pouteria_gardneriana","---","1","---","---","---","---","---","0.128112698984558","---","---","---","---"
"326","Simaroubaceae","Picrasma_crenata","---","---","---","---","1","---","---","---","---","---","0.0456562006968928","---"
"198","Solanaceae","Cestrum_intermedium","---","1","---","---","---","---","---","0.0303352484051757","---","---","---","---"
"269","Solanaceae","Solanum_(=231)","---","---","1","---","---","---","---","---","0.179577250585679","---","---","---"
"217","Solanaceae","Solanum_argentum","---","1","---","---","---","---","---","0.00622136692825811","---","---","---","---"
"218","Solanaceae","Solanum_bullatum","---","1","---","---","3","---","---","0.2526558925755","---","---","0.204247032536649","---"
"284","Solanaceae","Solanum_concinnum","---","---","---","1","---","---","---","---","---","0.0267421316759845","---","---"
"247","Solanaceae","Solanum_mauritianum","---","---","5","---","---","---","---","---","0.0275345925990199","---","---","---"
"64","Solanaceae","Solanum_pseudoquina","4","1","4","---","---","---","0.0376021327916566","0.0172712837127186","0.0855121311090259","---","---","---"
"29","Solanaceae","Solanum_rufescens","16","---","---","---","---","---","0.5828183692701","---","---","---","---","---"
"141","Solanaceae","Solanum_sanctae-catharinae","---","12","---","---","---","---","---","0.251729616486814","---","---","---","---"
"219","Solanaceae","Solanum_swartzianum","---","1","1","30","---","---","---","0.092416166413075","0.0133775167865201","2.0798890627484","---","---"
"220","Styracaceae","Styrax_camporum","---","1","---","---","---","---","---","0.0900525342510276","---","---","---","---"
"246","Styracaceae","Styrax_leprosus","---","---","6","---","---","4","---","---","0.112108260741219","---","---","0.05689047068713"
"179","Styracaceae","Styrax_pohlii","---","3","---","---","---","---","---","0.0372741947843126","---","---","---","---"
"270","Symplocaceae","Symplocos_celastrinea","---","---","1","---","---","1","---","---","0.00898433020188081","---","---","0.00955333821327082"
"258","Symplocaceae","Symplocos_estrellensis","---","---","2","---","---","---","---","---","0.0196821586223467","---","---","---"
"231","Symplocaceae","Symplocos_falcata","---","---","67","67","3","10","---","---","1.90564251181734","2.10697550165716","0.0756303452677943","0.198937995802373"
"221","Symplocaceae","Symplocos_insignis","---","1","---","---","21","---","---","0.00800957427774443","---","---","7.35976804778505","---"
"112","Symplocaceae","Symplocos_pubescens","1","---","---","---","---","---","0.00592149879016158","---","---","---","---","---"
"293","Symplocaceae","Symplocos_revoluta","---","---","---","---","23","---","---","---","---","---","10.2583799780054","---"
"76","Symplocaceae","Symplocos_variabilis","3","---","---","108","---","---","0.112515167075787","---","---","3.66773113614309","---","---"
"315","Thymelaeaceae","Daphnopsis_sellowiana","---","---","---","---","1","---","---","---","---","---","0.00674699344525796","---"
"181","Urticaceae","Cecropia_glaziovii","---","2","---","---","---","---","---","0.515217662675696","---","---","---","---"
"196","Urticaceae","Cecropia_pachystachya","---","1","---","---","---","---","---","0.017765641825322","---","---","---","---"
"261","Vochysiaceae","Callisthene_fasciculata","---","---","1","---","---","---","---","---","0.0108051138428248","---","---","---"
"114","Vochysiaceae","Vochysia_bifalcata","1","---","---","---","---","---","0.0201063394590862","---","---","---","---","---"
"180","Vochysiaceae","Vochysia_magnifica","---","3","---","---","---","---","---","0.287379735168512","---","---","---","---"
"306","Vochysiaceae","Vochysia_saldanhana","---","---","---","---","5","---","---","---","---","---","0.136672747776574","---"
"227","Winteraceae","Drimys_brasiliensis","---","---","214","420","1","20","---","---","6.83159082990914","27.2551135308218","0.580965681637652","0.251852104983299"
